"LNGS Time","PUR_PT275_PPUMPOUTLET.PI","PUR_PT271_PHEOUTLET.PI","PUR_PT276_PPUMPOUTLET.PI","PUR_DPT288_PMON_A.PI","PUR_P271_P271_PUB_FMON.PI","PUR_P272_P272_PUB_FMON.PI","PUR_PCV287SET_AO.PI","PUR_FCV286SET_AO.PI","PUR_TE288_THEOUTLET.PI","PUR_TE272_TPUMPOUTLET.PI"
"2020-01-31 08:00:00",4.38740730285645,2.92029118537903,3.08073282241821,92.6332473754883,38,0,13,20,-95.512321472168,-95.164421081543
"2020-01-31 08:01:00",4.39135217666626,2.92160677909851,3.08283710479736,93.5707702636719,38,0,13,20,-97.2579498291016,-94.9202651977539
"2020-01-31 08:02:00",4.38530302047729,2.92239570617676,3.07810282707214,91.7396926879883,38,0,13,20,-96.1287841796875,-94.5540542602539
"2020-01-31 08:03:00",4.38398790359497,2.92502593994141,3.08020687103271,94.2055511474609,38,0,13,20,-94.7859878540039,-94.8287124633789
"2020-01-31 08:04:00",4.39266729354858,2.92029118537903,3.08415198326111,93.6586608886719,38,0,13,20,-95.371940612793,-95.274284362793
"2020-01-31 08:05:00",4.39187812805176,2.92371082305908,3.08336305618286,92.2035598754883,38,0,13,20,-96.2935791015625,-95.042350769043
"2020-01-31 08:06:00",4.38740730285645,2.92371082305908,3.07889175415039,94.3178558349609,38,0,13,20,-97.7706527709961,-94.6761245727539
"2020-01-31 08:07:00",4.38135766983032,2.92423677444458,3.08073282241821,90.3382873535156,38,0,13,20,-95.158317565918,-94.7432632446289
"2020-01-31 08:08:00",4.38793325424194,2.92239570617676,3.08152198791504,91.3148651123047,38,0,13,20,-95.036247253418,-95.140007019043
"2020-01-31 08:09:00",4.39003705978394,2.92371082305908,3.07889175415039,95.2797698974609,38,0,13,20,-96.8490142822266,-95.274284362793
"2020-01-31 08:10:00",4.38530302047729,2.92371082305908,3.07889175415039,91.4369354248047,38,0,13,20,-97.2884750366211,-94.5967788696289
"2020-01-31 08:11:00",4.3847770690918,2.91976499557495,3.07678771018982,92.6088333129883,38,0,13,20,-94.8042984008789,-94.944694519043
"2020-01-31 08:12:00",4.38609218597412,2.92029118537903,3.08073282241821,92.6918411254883,38,0,13,20,-95.475700378418,-95.182731628418
"2020-01-31 08:13:00",4.39003705978394,2.92029118537903,3.07678771018982,92.1547317504883,38,0,13,20,-97.4227523803711,-94.950798034668
"2020-01-31 08:14:00",4.38214683532715,2.91318964958191,3.07810282707214,91.9105911254883,38,0,13,20,-95.8541259765625,-94.6272964477539
"2020-01-31 08:15:00",4.38214683532715,2.91845011711121,3.08020687103271,92.2768020629883,38,0,13,20,-95.078971862793,-95.225456237793
"2020-01-31 08:16:00",4.38267278671265,2.9189760684967,3.07626175880432,92.5844192504883,38,0,13,20,-95.8297119140625,-95.231559753418
"2020-01-31 08:17:00",4.39056348800659,2.91845011711121,3.074946641922,93.4633483886719,38,0,13,20,-97.5814437866211,-94.6333999633789
"2020-01-31 08:18:00",4.38661813735962,2.91976499557495,3.07626175880432,93.1312942504883,38,0,13,20,-95.060661315918,-94.7554702758789
"2020-01-31 08:19:00",4.39056348800659,2.9189760684967,3.074946641922,94.0590515136719,38,0,13,20,-95.255973815918,-95.353630065918
"2020-01-31 08:20:00",4.39003705978394,2.92239570617676,3.08073282241821,91.6176223754883,38,0,13,20,-96.5072174072266,-95.494010925293
"2020-01-31 08:21:00",4.38609218597412,2.91766095161438,3.08020687103271,94.7426605224609,38,0,13,20,-97.1236724853516,-94.7066421508789
"2020-01-31 08:22:00",4.39056348800659,2.92239570617676,3.0754725933075,93.8393249511719,38,0,13,20,-94.8531265258789,-94.6272964477539
"2020-01-31 08:23:00",4.38530302047729,2.9189760684967,3.074946641922,92.2035598754883,38,0,13,20,-95.317008972168,-95.329216003418
"2020-01-31 08:24:00",4.38609218597412,2.91713500022888,3.0754725933075,94.2446136474609,38,0,13,20,-96.5438385009766,-95.140007019043
"2020-01-31 08:25:00",4.38740730285645,2.9189760684967,3.07810282707214,93.8051452636719,38,0,13,20,-96.7757720947266,-94.4869155883789
"2020-01-31 08:26:00",4.38661813735962,2.92239570617676,3.07626175880432,92.5209426879883,38,0,13,20,-94.7859878540039,-94.7493667602539
"2020-01-31 08:27:00",4.3847770690918,2.92160677909851,3.07626175880432,90.7289123535156,38,0,13,20,-95.170524597168,-95.091178894043
"2020-01-31 08:28:00",4.39056348800659,2.92502593994141,3.0754725933075,96.24658203125,38,0,13,20,-95.9029541015625,-95.085075378418
"2020-01-31 08:29:00",4.3847770690918,2.91581988334656,3.07757663726807,92.5600051879883,38,0,13,20,-97.6363754272461,-94.6272964477539
"2020-01-31 08:30:00",4.38083171844482,2.92029118537903,3.07626175880432,91.1439666748047,38,0,13,20,-94.963005065918,-94.7981948852539
"2020-01-31 08:31:00",4.38661813735962,2.92239570617676,3.08020687103271,94.1567230224609,38,0,13,20,-95.274284362793,-95.335319519043
"2020-01-31 08:32:00",4.38661813735962,2.92502593994141,3.07810282707214,95.95361328125,38,0,13,20,-96.3240966796875,-95.347526550293
"2020-01-31 08:33:00",4.38793325424194,2.92292189598083,3.08020687103271,94.7670745849609,38,0,13,20,-96.7025299072266,-94.5540542602539
"2020-01-31 08:34:00",4.38214683532715,2.91766095161438,3.07889175415039,91.0316619873047,38,0,13,20,-95.194938659668,-94.5723648071289
"2020-01-31 08:35:00",4.38398790359497,2.91845011711121,3.07678771018982,93.8295593261719,38,0,13,20,-95.085075378418,-95.182731628418
"2020-01-31 08:36:00",4.38793325424194,2.92239570617676,3.07363152503967,94.5717620849609,38,0,13,20,-95.9517822265625,-95.255973815918
"2020-01-31 08:37:00",4.39003705978394,2.9189760684967,3.07678771018982,94.6596527099609,38,0,13,20,-96.7025299072266,-94.8653335571289
"2020-01-31 08:38:00",4.38661813735962,2.92292189598083,3.07889175415039,93.7319030761719,38,0,13,20,-97.1053619384766,-94.4808120727539
"2020-01-31 08:39:00",4.38214683532715,2.92029118537903,3.07810282707214,91.7152786254883,38,0,13,20,-94.8897476196289,-94.7737808227539
"2020-01-31 08:40:00",4.38872194290161,2.91976499557495,3.07678771018982,93.0824661254883,38,0,13,20,-95.255973815918,-95.249870300293
"2020-01-31 08:41:00",4.39003705978394,2.92029118537903,3.0754725933075,93.1215286254883,38,0,13,20,-96.2996826171875,-95.066764831543
"2020-01-31 08:42:00",4.38872194290161,2.91766095161438,3.08467817306519,94.8891448974609,38,0,13,20,-97.6668930053711,-94.5845718383789
"2020-01-31 08:43:00",4.38083171844482,2.91845011711121,3.08073282241821,91.8373489379883,38,0,13,20,-95.005729675293,-94.8042984008789
"2020-01-31 08:44:00",4.38398790359497,2.91976499557495,3.07889175415039,93.7172546386719,38,0,13,20,-95.152214050293,-95.115592956543
"2020-01-31 08:45:00",4.38609218597412,2.91845011711121,3.07626175880432,93.3900833129883,38,0,13,20,-95.9761962890625,-95.237663269043
"2020-01-31 08:46:00",4.38398790359497,2.91976499557495,3.07810282707214,93.3900833129883,38,0,13,20,-97.5204086303711,-94.6822280883789
"2020-01-31 08:47:00",4.380042552948,2.91713500022888,3.07757663726807,91.9984817504883,38,0,13,20,-95.158317565918,-94.7188491821289
"2020-01-31 08:48:00",4.38083171844482,2.92160677909851,3.07678771018982,91.3148651123047,38,0,13,20,-95.060661315918,-95.036247253418
"2020-01-31 08:49:00",4.38214683532715,2.91976499557495,3.07889175415039,94.0248718261719,38,0,13,20,-95.7381591796875,-95.103385925293
"2020-01-31 08:50:00",4.380042552948,2.92292189598083,3.07757663726807,92.9603958129883,38,0,13,20,-96.8001861572266,-94.8165054321289
"2020-01-31 08:51:00",4.38661813735962,2.91976499557495,3.08152198791504,91.1293182373047,38,0,13,20,-96.9344635009766,-94.4686050415039
"2020-01-31 08:52:00",4.38609218597412,2.92160677909851,3.07889175415039,90.8753967285156,38,0,13,20,-94.8592300415039,-94.7676773071289
"2020-01-31 08:53:00",4.38661813735962,2.92239570617676,3.07889175415039,93.7563171386719,38,0,13,20,-95.255973815918,-95.286491394043
"2020-01-31 08:54:00",4.3847770690918,2.9189760684967,3.08283710479736,93.5707702636719,38,0,13,20,-96.1470947265625,-95.133903503418
"2020-01-31 08:55:00",4.38740730285645,2.9255518913269,3.0754725933075,92.0570755004883,38,0,13,20,-96.4950103759766,-94.5296401977539
"2020-01-31 08:56:00",4.38214683532715,2.92029118537903,3.08020687103271,91.5932083129883,38,0,13,20,-95.365837097168,-94.3648452758789
"2020-01-31 08:57:00",4.38398790359497,2.92160677909851,3.07889175415039,93.1459426879883,38,0,13,20,-95.017936706543,-95.005729675293
"2020-01-31 08:58:00",4.39003705978394,2.9189760684967,3.08336305618286,92.2279739379883,38,0,13,20,-95.9761962890625,-95.426872253418
"2020-01-31 08:59:00",4.3847770690918,2.91634583473206,3.08415198326111,91.1927947998047,38,0,13,20,-97.4044418334961,-95.017936706543
"2020-01-31 09:00:00",4.38083171844482,2.91845011711121,3.08073282241821,91.9984817504883,38,0,13,20,-95.176628112793,-94.5784683227539
"2020-01-31 09:01:00",4.39713954925537,2.92502593994141,3.08020687103271,93.6098327636719,38,0,13,20,-95.365837097168,-95.396354675293
"2020-01-31 09:02:00",4.38267278671265,2.91581988334656,3.08152198791504,95.97802734375,38,0,13,20,-96.7208404541016,-95.432975769043
"2020-01-31 09:03:00",4.3847770690918,2.91976499557495,3.08283710479736,93.4144973754883,38,0,13,20,-97.3800277709961,-94.6333999633789
"2020-01-31 09:04:00",4.38214683532715,2.9189760684967,3.07626175880432,91.7055130004883,38,0,13,20,-94.7554702758789,-94.8653335571289
"2020-01-31 09:05:00",4.38609218597412,2.91976499557495,3.07757663726807,92.4135208129883,38,0,13,20,-95.9273681640625,-95.463493347168
"2020-01-31 09:06:00",4.38872194290161,2.91976499557495,3.08073282241821,93.2045364379883,38,0,13,20,-97.5875473022461,-94.944694519043
"2020-01-31 09:07:00",4.3847770690918,2.92029118537903,3.0754725933075,92.8041458129883,38,0,13,20,-95.457389831543,-94.6578140258789
"2020-01-31 09:08:00",4.38793325424194,2.91318964958191,3.07626175880432,94.6205902099609,38,0,13,20,-94.7859878540039,-94.7554702758789
"2020-01-31 09:09:00",4.38872194290161,2.91976499557495,3.08020687103271,95.3774261474609,38,0,13,20,-95.8541259765625,-95.371940612793
"2020-01-31 09:10:00",4.38661813735962,2.91634583473206,3.0754725933075,95.2700042724609,38,0,13,20,-97.3983383178711,-95.140007019043
"2020-01-31 09:11:00",4.3795166015625,2.92029118537903,3.08020687103271,93.7807312011719,38,0,13,20,-96.9283599853516,-94.6272964477539
"2020-01-31 09:12:00",4.3847770690918,2.92029118537903,3.08020687103271,92.4477005004883,38,0,13,20,-94.9202651977539,-95.133903503418
"2020-01-31 09:13:00",4.38609218597412,2.92423677444458,3.07810282707214,91.9838333129883,38,0,13,20,-95.573356628418,-94.8775405883789
"2020-01-31 09:14:00",4.38740730285645,2.91845011711121,3.07889175415039,94.0346374511719,38,0,13,20,-96.9466705322266,-95.017936706543
"2020-01-31 09:15:00",4.380042552948,2.91845011711121,3.07678771018982,94.0737152099609,38,0,13,20,-97.6302719116211,-94.5967788696289
"2020-01-31 09:16:00",4.38214683532715,2.91503095626831,3.08020687103271,92.5600051879883,38,0,13,20,-94.8042984008789,-94.969108581543
"2020-01-31 09:17:00",4.38214683532715,2.91634583473206,3.08073282241821,91.9740676879883,38,0,13,20,-95.475700378418,-95.463493347168
"2020-01-31 09:18:00",4.38530302047729,2.91766095161438,3.07678771018982,93.6098327636719,38,0,13,20,-96.4461669921875,-94.963005065918
"2020-01-31 09:19:00",4.3795166015625,2.91976499557495,3.074946641922,92.7894973754883,38,0,13,20,-96.9039459228516,-94.4319839477539
"2020-01-31 09:20:00",4.38872194290161,2.91713500022888,3.08283710479736,91.2269744873047,38,0,13,20,-94.7981948852539,-94.8958511352539
"2020-01-31 09:21:00",4.38398790359497,2.91634583473206,3.0754725933075,94.4887542724609,38,0,13,20,-95.506217956543,-95.280387878418
"2020-01-31 09:22:00",4.39319324493408,2.91713500022888,3.074946641922,93.3412551879883,38,0,13,20,-96.7940826416016,-95.201042175293
"2020-01-31 09:23:00",4.3795166015625,2.9189760684967,3.07810282707214,92.7064895629883,38,0,13,20,-96.6475982666016,-94.5723648071289
"2020-01-31 09:24:00",4.38083171844482,2.91713500022888,3.08073282241821,91.6322708129883,38,0,13,20,-95.054557800293,-94.5784683227539
"2020-01-31 09:25:00",4.38267278671265,2.91634583473206,3.07678771018982,91.8031692504883,38,0,13,20,-95.127799987793,-95.158317565918
"2020-01-31 09:26:00",4.35189914703369,2.91713500022888,3.0754725933075,86.4075622558594,38,0,16,20,-95.9334716796875,-95.487907409668
"2020-01-31 09:27:00",4.34847974777222,2.91371583938599,3.08073282241821,84.6497344970703,38,0,16,20,-96.6292877197266,-95.005729675293
"2020-01-31 09:28:00",4.34847974777222,2.92029118537903,3.08020687103271,86.749382019043,38,0,16,20,-96.4827880859375,-94.5174331665039
"2020-01-31 09:29:00",4.34716510772705,2.92029118537903,3.08336305618286,84.5276641845703,38,0,16,20,-94.9019546508789,-94.7737808227539
"2020-01-31 09:30:00",4.35058403015137,2.91581988334656,3.08415198326111,85.1136016845703,38,0,16,20,-95.078971862793,-95.280387878418
"2020-01-31 09:31:00",4.35637044906616,2.91713500022888,3.08467817306519,83.1116104125977,38,0,16,20,-95.475700378418,-95.164421081543
"2020-01-31 09:32:00",4.34926891326904,2.91976499557495,3.08204793930054,83.8196411132813,38,0,16,20,-96.4217529296875,-95.182731628418
"2020-01-31 09:33:00",4.35715961456299,2.91976499557495,3.08730816841125,85.3430938720703,38,0,16,20,-97.0199127197266,-94.7981948852539
"2020-01-31 09:34:00",4.34926891326904,2.91766095161438,3.08415198326111,84.6595001220703,38,0,16,20,-96.4950103759766,-94.5601577758789
"2020-01-31 09:35:00",4.3440089225769,2.91318964958191,3.08809733390808,84.4153594970703,38,0,16,20,-94.9202651977539,-94.7066421508789
"2020-01-31 09:36:00",4.35505533218384,2.91503095626831,3.08941245079041,82.9162979125977,38,0,16,20,-95.005729675293,-95.005729675293
"2020-01-31 09:37:00",4.3440089225769,2.91845011711121,3.08862328529358,84.8548126220703,38,0,16,20,-95.9273681640625,-95.402458190918
"2020-01-31 09:38:00",4.35505533218384,2.91845011711121,3.09072732925415,85.6360626220703,38,0,16,20,-97.1358795166016,-95.225456237793
"2020-01-31 09:39:00",4.35452938079834,2.91845011711121,3.09072732925415,83.2190322875977,38,0,16,20,-97.2640533447266,-94.6944351196289
"2020-01-31 09:40:00",4.36820697784424,2.92423677444458,3.09072732925415,67.8770065307617,38,0,16,15,-94.9019546508789,-94.9141616821289
"2020-01-31 09:41:00",4.39266729354858,2.92765593528748,3.09072732925415,51.4216804504395,38,0,16,10,-94.9141616821289,-94.926383972168
"2020-01-31 09:42:00",4.39661359786987,2.92423677444458,3.08467817306519,54.6688079833984,38,0,16,10,-96.5438385009766,-95.420768737793
"2020-01-31 09:43:00",4.39450931549072,2.92292189598083,3.08809733390808,53.5213279724121,38,0,16,10,-97.6424789428711,-94.7005386352539
"2020-01-31 09:44:00",4.39187812805176,2.92423677444458,3.0938835144043,52.4959182739258,38,0,16,10,-95.005729675293,-94.7920913696289
"2020-01-31 09:45:00",4.39003705978394,2.92949724197388,3.09072732925415,53.4236717224121,38,0,16,10,-94.963005065918,-94.8714370727539
"2020-01-31 09:46:00",4.40108489990234,2.92029118537903,3.09072732925415,53.7410545349121,38,0,16,10,-96.3668212890625,-95.420768737793
"2020-01-31 09:47:00",4.39398336410522,2.92634105682373,3.09204244613647,53.6043357849121,38,0,16,10,-97.6974105834961,-94.8226089477539
"2020-01-31 09:48:00",4.38872194290161,2.92029118537903,3.09204244613647,54.1414451599121,38,0,16,10,-95.335319519043,-94.6944351196289
"2020-01-31 09:49:00",4.39266729354858,2.92634105682373,3.09256863594055,52.6277542114258,38,0,16,10,-94.8775405883789,-94.944694519043
"2020-01-31 09:50:00",4.39135217666626,2.92371082305908,3.09519863128662,53.8875389099121,38,0,16,10,-95.481803894043,-95.005729675293
"2020-01-31 09:51:00",4.39924383163452,2.92502593994141,3.09993290901184,55.0447845458984,38,0,16,10,-97.5448226928711,-94.950798034668
"2020-01-31 09:52:00",4.38793325424194,2.9189760684967,3.09519863128662,51.8123168945313,38,0,16,10,-96.6292877197266,-94.6089859008789
"2020-01-31 09:53:00",4.38530302047729,2.92371082305908,3.09519863128662,52.9597854614258,38,0,16,10,-94.7310562133789,-94.9202651977539
"2020-01-31 09:54:00",4.39319324493408,2.9255518913269,3.09256863594055,54.0682029724121,38,0,16,10,-95.133903503418,-95.030143737793
"2020-01-31 09:55:00",4.36242055892944,2.91055965423584,3.09782886505127,71.8321533203125,38,0,16,15,-96.5011138916016,-95.384147644043
"2020-01-31 09:56:00",4.33085823059082,2.90714049339294,3.09782886505127,97.5161361694336,38,0,16,25,-97.3983383178711,-94.944694519043
"2020-01-31 09:57:00",4.31113195419312,2.90661430358887,3.09782886505127,111.95484161377,38,0,16,30,-96.3668212890625,-94.6517105102539
"2020-01-31 09:58:00",4.30771255493164,2.9005651473999,3.09861779212952,107.281913757324,38,0,16,30,-95.176628112793,-94.5723648071289
"2020-01-31 09:59:00",4.31165790557861,2.91055965423584,3.09861779212952,111.97925567627,38,0,16,30,-94.7859878540039,-94.8165054321289
"2020-01-31 10:00:00",4.31770706176758,2.9045102596283,3.09914398193359,110.221405029297,38,0,16,30,-95.066764831543,-95.078971862793
"2020-01-31 10:01:00",4.31428813934326,2.90977048873901,3.10124802589417,111.85718536377,38,0,16,30,-95.536735534668,-95.371940612793
"2020-01-31 10:02:00",4.31560325622559,2.90977048873901,3.09914398193359,110.504608154297,38,0,16,30,-96.2264404296875,-95.225456237793
"2020-01-31 10:03:00",4.31823348999023,2.9045102596283,3.09519863128662,110.358123779297,38,0,16,30,-96.6720123291016,-94.7066421508789
"2020-01-31 10:04:00",4.31428813934326,2.91108560562134,3.09914398193359,111.051498413086,38,0,16,30,-96.0128173828125,-94.5418472290039
"2020-01-31 10:05:00",4.31376218795776,2.90792942047119,3.09993290901184,109.440155029297,38,0,16,30,-95.347526550293,-94.5723648071289
"2020-01-31 10:06:00",4.31770706176758,2.90714049339294,3.10045886039734,110.221405029297,38,0,16,30,-94.7859878540039,-94.8531265258789
"2020-01-31 10:07:00",4.30981683731079,2.91187477111816,3.09519863128662,110.978256225586,38,0,16,30,-95.054557800293,-95.060661315918
"2020-01-31 10:08:00",4.31507730484009,2.90714049339294,3.09651374816895,109.098358154297,38,0,16,30,-95.439079284668,-95.231559753418
"2020-01-31 10:09:00",4.31165790557861,2.90582537651062,3.10440421104431,109.943084716797,38,0,16,30,-96.1165771484375,-95.164421081543
"2020-01-31 10:10:00",4.31954860687256,2.90661430358887,3.09993290901184,113.639434814453,38,0,16,30,-96.8856353759766,-95.011833190918
"2020-01-31 10:11:00",4.31113195419312,2.90924453735352,3.09861779212952,112.06714630127,38,0,16,30,-96.6781158447266,-94.6211929321289
"2020-01-31 10:12:00",4.29666614532471,2.9045102596283,3.09861779212952,120.270385742188,38,0,16,35,-95.085075378418,-94.7310562133789
"2020-01-31 10:13:00",4.29456186294556,2.90135407447815,3.09993290901184,123.590759277344,38,0,16,40,-94.938591003418,-95.133903503418
"2020-01-31 10:14:00",4.29850721359253,2.9045102596283,3.09598779678345,128.400390625,38,0,16,40,-95.152214050293,-95.133903503418
"2020-01-31 10:15:00",4.301926612854,2.90529942512512,3.09914398193359,124.494094848633,38,0,16,40,-95.7137451171875,-95.152214050293
"2020-01-31 10:16:00",4.29719209671021,2.90582537651062,3.09914398193359,129.850616455078,38,0,16,40,-96.4156494140625,-95.207145690918
"2020-01-31 10:17:00",4.29535102844238,2.9039843082428,3.10045886039734,127.360343933105,38,0,16,40,-97.3983383178711,-94.950798034668
"2020-01-31 10:18:00",4.29666614532471,2.90188002586365,3.0938835144043,126.886711120605,38,0,16,40,-95.8052978515625,-94.6944351196289
"2020-01-31 10:19:00",4.29587697982788,2.90924453735352,3.09467267990112,127.311515808105,38,0,16,40,-94.8348159790039,-94.8042984008789
"2020-01-31 10:20:00",4.30324172973633,2.9005651473999,3.09467267990112,128.986343383789,38,0,16,40,-95.054557800293,-95.103385925293
"2020-01-31 10:21:00",4.301926612854,2.90529942512512,3.09467267990112,126.471649169922,38,0,16,40,-95.548942565918,-95.420768737793
"2020-01-31 10:22:00",4.29929637908936,2.90714049339294,3.09467267990112,126.789054870605,38,0,16,40,-95.9029541015625,-95.133903503418
"2020-01-31 10:23:00",4.30508279800415,2.90529942512512,3.0938835144043,127.848625183105,38,0,16,40,-96.8856353759766,-95.060661315918
"2020-01-31 10:24:00",4.29535102844238,2.90582537651062,3.09782886505127,124.054626464844,38,0,16,40,-96.8062896728516,-94.6700210571289
"2020-01-31 10:25:00",4.29666614532471,2.90792942047119,3.09651374816895,125.846633911133,38,0,16,40,-95.274284362793,-94.7310562133789
"2020-01-31 10:26:00",4.301926612854,2.90977048873901,3.09204244613647,125.226516723633,38,0,16,40,-94.7859878540039,-94.8226089477539
"2020-01-31 10:27:00",4.29403591156006,2.90529942512512,3.09598779678345,126.300750732422,38,0,16,40,-95.091178894043,-94.969108581543
"2020-01-31 10:28:00",4.301926612854,2.9005651473999,3.09467267990112,125.114212036133,38,0,16,40,-95.597770690918,-95.469596862793
"2020-01-31 10:29:00",4.29061698913574,2.9045102596283,3.0938835144043,133.161193847656,38,0,16,50,-96.2996826171875,-95.518424987793
"2020-01-31 10:30:00",4.29272079467773,2.89609384536743,3.0899384021759,134.626083374023,38,0,16,50,-96.5926666259766,-94.6578140258789
"2020-01-31 10:31:00",4.28351497650146,2.90977048873901,3.09072732925415,133.893646240234,38,0,16,50,-95.664909362793,-94.6517105102539
"2020-01-31 10:32:00",4.28667163848877,2.90714049339294,3.09467267990112,131.999084472656,38,0,16,50,-94.8348159790039,-95.005729675293
"2020-01-31 10:33:00",4.28141069412231,2.90135407447815,3.09782886505127,130.705108642578,38,0,16,50,-95.231559753418,-95.396354675293
"2020-01-31 10:34:00",4.28930187225342,2.90582537651062,3.09204244613647,130.851593017578,38,0,16,50,-95.9334716796875,-95.622184753418
"2020-01-31 10:35:00",4.36110544204712,2.89267468452454,3.08941245079041,172.722351074219,40,0,16,50,-96.3179931640625,-95.030143737793
"2020-01-31 10:36:00",4.35768556594849,2.88872933387756,3.0933575630188,168.342422485352,40,0,16,50,-97.1236724853516,-94.6517105102539
"2020-01-31 10:37:00",4.35374021530151,2.88741445541382,3.08599328994751,171.37956237793,40,0,16,50,-95.640495300293,-94.5845718383789
"2020-01-31 10:38:00",4.35452938079834,2.89346361160278,3.09072732925415,168.537734985352,40,0,16,50,-94.8531265258789,-94.8775405883789
"2020-01-31 10:39:00",4.35584449768066,2.89609384536743,3.09467267990112,168.864883422852,40,0,16,50,-94.938591003418,-94.9019546508789
"2020-01-31 10:40:00",4.35768556594849,2.89609384536743,3.0899384021759,167.414672851563,40,0,16,50,-94.975212097168,-94.8897476196289
"2020-01-31 10:41:00",4.35715961456299,2.89398980140686,3.09467267990112,167.536743164063,40,0,16,50,-95.298698425293,-95.274284362793
"2020-01-31 10:42:00",4.35584449768066,2.89346361160278,3.09467267990112,168.156875610352,40,0,16,50,-95.652702331543,-95.310905456543
"2020-01-31 10:43:00",4.35715961456299,2.89346361160278,3.09204244613647,166.374603271484,40,0,16,50,-96.0433349609375,-95.207145690918
"2020-01-31 10:44:00",4.35505533218384,2.89135956764221,3.09256863594055,167.170532226563,40,0,16,50,-96.3179931640625,-95.060661315918
"2020-01-31 10:45:00",4.35637044906616,2.89530467987061,3.09651374816895,170.002593994141,40,0,16,50,-96.9527740478516,-95.140007019043
"2020-01-31 10:46:00",4.35505533218384,2.89740896224976,3.09072732925415,166.130462646484,40,0,16,50,-96.5194244384766,-94.6578140258789
"2020-01-31 10:47:00",4.35584449768066,2.89740896224976,3.0899384021759,166.926391601563,40,0,16,50,-95.9456787109375,-94.4136734008789
"2020-01-31 10:48:00",4.35452938079834,2.89346361160278,3.09519863128662,163.689025878906,40,0,16,50,-94.8470230102539,-94.8042984008789
"2020-01-31 10:49:00",4.35584449768066,2.89267468452454,3.09467267990112,165.217361450195,40,0,16,50,-94.9019546508789,-94.8165054321289
"2020-01-31 10:50:00",4.35242509841919,2.89083361625671,3.09651374816895,167.033813476563,40,0,16,50,-95.127799987793,-95.005729675293
"2020-01-31 10:51:00",4.34847974777222,2.89398980140686,3.09204244613647,174.675521850586,40,0,16,60,-95.689323425293,-95.201042175293
"2020-01-31 10:52:00",4.35979080200195,2.89872407913208,3.09204244613647,164.787673950195,40,0,16,45,-96.1959228515625,-95.396354675293
"2020-01-31 10:53:00",4.37346744537354,2.89477872848511,3.09782886505127,159.08935546875,40,0,16,40,-96.7757720947266,-95.207145690918
"2020-01-31 10:54:00",4.36373567581177,2.90319514274597,3.09861779212952,156.037536621094,40,0,16,40,-96.5804595947266,-94.4869155883789
"2020-01-31 10:55:00",4.3629469871521,2.89346361160278,3.09914398193359,156.110778808594,40,0,16,40,-95.085075378418,-94.6700210571289
"2020-01-31 10:56:00",4.36557674407959,2.89267468452454,3.09598779678345,159.68505859375,40,0,16,40,-94.8592300415039,-94.8287124633789
"2020-01-31 10:57:00",4.36426162719727,2.90188002586365,3.09861779212952,158.122528076172,40,0,16,40,-94.963005065918,-94.8287124633789
"2020-01-31 10:58:00",4.37346744537354,2.9005651473999,3.09993290901184,156.794403076172,40,0,16,40,-95.591667175293,-95.347526550293
"2020-01-31 10:59:00",4.36557674407959,2.89872407913208,3.10256314277649,155.988708496094,40,0,16,40,-96.0982666015625,-95.402458190918
"2020-01-31 11:00:00",4.36636590957642,2.89740896224976,3.09993290901184,160.808120727539,40,0,16,40,-96.3057861328125,-95.103385925293
"2020-01-31 11:01:00",4.36689186096191,2.88951849937439,3.10045886039734,159.97802734375,40,0,16,40,-96.4950103759766,-94.7310562133789
"2020-01-31 11:02:00",4.36163187026978,2.89398980140686,3.10124802589417,156.428161621094,40,0,16,40,-96.4766845703125,-94.4380874633789
"2020-01-31 11:03:00",4.36373567581177,2.89793491363525,3.09914398193359,155.866622924805,40,0,16,40,-95.390251159668,-94.5052261352539
"2020-01-31 11:04:00",4.36768102645874,2.89793491363525,3.09861779212952,157.194793701172,40,0,16,40,-94.8470230102539,-94.5113296508789
"2020-01-31 11:05:00",4.36110544204712,2.90003895759583,3.10124802589417,156.281677246094,40,0,16,40,-95.011833190918,-95.042350769043
"2020-01-31 11:06:00",4.36557674407959,2.9039843082428,3.10045886039734,156.633270263672,40,0,16,40,-95.347526550293,-95.298698425293
"2020-01-31 11:07:00",4.3629469871521,2.89793491363525,3.09598779678345,156.633270263672,40,0,16,40,-95.7686767578125,-95.445182800293
"2020-01-31 11:08:00",4.37478256225586,2.90003895759583,3.10440421104431,147.785461425781,40,0,16,35,-95.8846435546875,-94.8775405883789
"2020-01-31 11:09:00",4.39135217666626,2.90582537651062,3.10440421104431,138.55680847168,40,0,16,30,-96.8062896728516,-95.182731628418
"2020-01-31 11:10:00",4.38530302047729,2.9045102596283,3.10124802589417,139.909362792969,40,0,16,30,-97.2396392822266,-94.8226089477539
"2020-01-31 11:11:00",4.38530302047729,2.90188002586365,3.09861779212952,137.897613525391,40,0,16,30,-96.3668212890625,-94.5418472290039
"2020-01-31 11:12:00",4.3847770690918,2.9005651473999,3.09782886505127,136.881988525391,40,0,16,30,-94.8714370727539,-94.7432632446289
"2020-01-31 11:13:00",4.38530302047729,2.90188002586365,3.10177397727966,134.440536499023,40,0,16,30,-94.7737808227539,-94.7554702758789
"2020-01-31 11:14:00",4.38793325424194,2.90582537651062,3.10256314277649,135.334091186523,40,0,16,30,-95.085075378418,-95.042350769043
"2020-01-31 11:15:00",4.38740730285645,2.89872407913208,3.10256314277649,136.359497070313,40,0,16,30,-95.371940612793,-95.188835144043
"2020-01-31 11:16:00",4.3847770690918,2.90977048873901,3.10045886039734,139.836120605469,40,0,16,30,-95.7686767578125,-95.255973815918
"2020-01-31 11:17:00",4.39187812805176,2.90319514274597,3.10519313812256,139.05485534668,40,0,16,30,-96.4705810546875,-95.042350769043
"2020-01-31 11:18:00",4.39003705978394,2.90529942512512,3.10177397727966,137.663238525391,40,0,16,30,-96.8246002197266,-94.6578140258789
"2020-01-31 11:19:00",4.39135217666626,2.90135407447815,3.10256314277649,136.979644775391,40,0,16,30,-96.6964263916016,-94.4869155883789
"2020-01-31 11:20:00",4.38530302047729,2.90661430358887,3.10045886039734,134.904403686523,40,0,16,30,-95.054557800293,-94.6089859008789
"2020-01-31 11:21:00",4.38083171844482,2.9045102596283,3.10256314277649,137.467926025391,40,0,16,30,-94.8531265258789,-94.6333999633789
"2020-01-31 11:22:00",4.38793325424194,2.89872407913208,3.10308909416199,134.821395874023,40,0,16,30,-94.8958511352539,-94.8958511352539
"2020-01-31 11:23:00",4.38530302047729,2.90714049339294,3.10834932327271,134.611434936523,40,0,16,30,-94.926383972168,-94.8287124633789
"2020-01-31 11:24:00",4.43080568313599,2.91713500022888,3.10440421104431,102.604103088379,40,0,16,20,-95.616081237793,-95.207145690918
"2020-01-31 11:25:00",4.43001651763916,2.91713500022888,3.10308909416199,103.067970275879,40,0,16,20,-96.1898193359375,-95.060661315918
"2020-01-31 11:26:00",4.42686033248901,2.91055965423584,3.10308909416199,102.262306213379,40,0,16,20,-97.2823715209961,-94.963005065918
"2020-01-31 11:27:00",4.42554521560669,2.9045102596283,3.10177397727966,103.619750976563,40,0,16,20,-97.0931549072266,-94.5296401977539
"2020-01-31 11:28:00",4.42738628387451,2.90924453735352,3.10256314277649,102.237892150879,40,0,16,20,-94.9019546508789,-94.6761245727539
"2020-01-31 11:29:00",4.42554521560669,2.91371583938599,3.10177397727966,100.421447753906,40,0,16,20,-94.6822280883789,-94.5784683227539
"2020-01-31 11:30:00",4.42870140075684,2.91240072250366,3.10650825500488,102.530860900879,40,0,16,20,-95.371940612793,-95.249870300293
"2020-01-31 11:31:00",4.43001651763916,2.91634583473206,3.10440421104431,103.556274414063,40,0,16,20,-95.8785400390625,-95.213249206543
"2020-01-31 11:32:00",4.43001651763916,2.91371583938599,3.10913848876953,101.529861450195,40,0,16,20,-96.7330474853516,-95.164421081543
"2020-01-31 11:33:00",4.42686033248901,2.91318964958191,3.10650825500488,103.448852539063,40,0,16,20,-97.1358795166016,-94.7676773071289
"2020-01-31 11:34:00",4.42475605010986,2.91371583938599,3.10440421104431,100.699768066406,40,0,16,20,-95.646598815918,-94.4380874633789
"2020-01-31 11:35:00",4.4181809425354,2.91581988334656,3.10519313812256,101.007400512695,40,0,16,20,-94.8348159790039,-94.5540542602539
"2020-01-31 11:36:00",4.42554521560669,2.90924453735352,3.10913848876953,104.108047485352,40,0,16,20,-94.8897476196289,-94.926383972168
"2020-01-31 11:37:00",4.42817544937134,2.91187477111816,3.10571932792664,99.7866821289063,40,0,16,20,-95.341423034668,-95.213249206543
"2020-01-31 11:38:00",4.42686033248901,2.91503095626831,3.11097955703735,104.166641235352,40,0,16,20,-95.8480224609375,-95.140007019043
"2020-01-31 11:39:00",4.41949605941772,2.90792942047119,3.11097955703735,101.593360900879,40,0,16,20,-96.6842193603516,-94.9141616821289
"2020-01-31 11:40:00",4.482093334198,2.92239570617676,3.10913848876953,63.3701133728027,40,0,16,10,-97.0443267822266,-94.4563980102539
"2020-01-31 11:41:00",4.47157287597656,2.92423677444458,3.10703420639038,62.4081802368164,40,0,16,10,-95.341423034668,-94.4869155883789
"2020-01-31 11:42:00",4.47867393493652,2.9255518913269,3.11045360565186,64.2490310668945,40,0,16,10,-94.8104019165039,-94.7676773071289
"2020-01-31 11:43:00",4.4773588180542,2.92423677444458,3.10913848876953,64.3369216918945,40,0,16,10,-95.677116394043,-95.182731628418
"2020-01-31 11:44:00",4.47946310043335,2.92292189598083,3.1117684841156,65.5820541381836,40,0,16,10,-96.2508544921875,-94.7798843383789
"2020-01-31 11:45:00",4.4826192855835,2.92818212509155,3.10913848876953,63.3945274353027,40,0,16,10,-97.5814437866211,-94.2977066040039
"2020-01-31 11:46:00",4.47946310043335,2.92029118537903,3.11229467391968,62.0419692993164,40,0,16,10,-95.005729675293,-94.6456069946289
"2020-01-31 11:47:00",4.48130416870117,2.92292189598083,3.1117684841156,63.7753868103027,40,0,16,10,-95.036247253418,-95.133903503418
"2020-01-31 11:48:00",4.47551774978638,2.93081212043762,3.11229467391968,65.4111480712891,40,0,16,10,-95.8175048828125,-95.353630065918
"2020-01-31 11:49:00",4.48393440246582,2.9255518913269,3.11308360099792,66.6806945800781,40,0,16,10,-96.4522705078125,-94.969108581543
"2020-01-31 11:50:00",4.48393440246582,2.92634105682373,3.11308360099792,65.4111480712891,40,0,16,10,-97.5692367553711,-94.3099136352539
"2020-01-31 11:51:00",4.4773588180542,2.92423677444458,3.11439871788025,64.0927734375,40,0,16,10,-94.975212097168,-94.6456069946289
"2020-01-31 11:52:00",4.48130416870117,2.92371082305908,3.11308360099792,66.1191711425781,40,0,16,10,-94.969108581543,-95.042350769043
"2020-01-31 11:53:00",4.47604370117188,2.9255518913269,3.11229467391968,64.7519683837891,40,0,16,10,-95.341423034668,-94.8958511352539
"2020-01-31 11:54:00",4.48130416870117,2.93028616905212,3.11439871788025,62.4081802368164,40,0,16,10,-96.7452545166016,-95.005729675293
"2020-01-31 11:55:00",4.47867393493652,2.92502593994141,3.11229467391968,62.9697113037109,40,0,16,10,-97.6119613647461,-94.5540542602539
"2020-01-31 11:56:00",4.60965728759766,2.91371583938599,3.11229467391968,82.9407119750977,42,0,16,10,-96.2203369140625,-94.4441909790039
"2020-01-31 11:57:00",4.61807346343994,2.91371583938599,3.11492466926575,84.3177032470703,42,0,16,10,-94.8531265258789,-94.5784683227539
"2020-01-31 11:58:00",4.61360263824463,2.9189760684967,3.11045360565186,79.4836349487305,42,0,16,10,-94.7371597290039,-94.4136734008789
"2020-01-31 11:59:00",4.62333393096924,2.91318964958191,3.11308360099792,83.9172973632813,42,0,16,10,-95.005729675293,-94.8470230102539
"2020-01-31 12:00:00",4.61807346343994,2.92029118537903,3.11308360099792,84.3909454345703,42,0,16,10,-95.463493347168,-95.133903503418
"2020-01-31 12:01:00",4.62596416473389,2.92292189598083,3.11623978614807,85.7337188720703,42,0,16,10,-96.1409912109375,-95.182731628418
"2020-01-31 12:02:00",4.62201881408691,2.91240072250366,3.1175549030304,81.8030166625977,42,0,16,10,-96.2508544921875,-94.5967788696289
"2020-01-31 12:03:00",4.61938858032227,2.91318964958191,3.11834383010864,83.8440551757813,42,0,16,10,-97.1663970947266,-94.4136734008789
"2020-01-31 12:04:00",4.61097240447998,2.91766095161438,3.12097406387329,82.8918838500977,42,0,16,10,-97.3006820678711,-94.3099136352539
"2020-01-31 12:05:00",4.6122875213623,2.91713500022888,3.11834383010864,85.2600860595703,42,0,16,10,-95.7076416015625,-94.3709487915039
"2020-01-31 12:06:00",4.61544370651245,2.91634583473206,3.11965894699097,81.7053604125977,42,0,16,10,-94.8104019165039,-94.5052261352539
"2020-01-31 12:07:00",4.62017774581909,2.91713500022888,3.12228918075562,82.7209854125977,42,0,16,10,-94.6883316040039,-94.4380874633789
"2020-01-31 12:08:00",4.62201881408691,2.91371583938599,3.1236047744751,83.6731567382813,42,0,16,10,-95.005729675293,-94.8226089477539
"2020-01-31 12:09:00",4.61938858032227,2.91503095626831,3.1236047744751,79.0685882568359,42,0,16,10,-95.500114440918,-95.091178894043
"2020-01-31 12:10:00",4.62333393096924,2.9189760684967,3.12018513679504,82.5745010375977,42,0,16,10,-95.9334716796875,-95.017936706543
"2020-01-31 12:11:00",4.62859439849854,2.91503095626831,3.12097406387329,84.2591094970703,42,0,16,10,-96.4400634765625,-94.5784683227539
"2020-01-31 12:12:00",4.62333393096924,2.9189760684967,3.12754988670349,81.1682281494141,42,0,16,10,-97.1969146728516,-94.4869155883789
"2020-01-31 12:13:00",4.62412309646606,2.91371583938599,3.12886500358582,81.6809463500977,42,0,16,10,-97.0809478759766,-94.2854995727539
"2020-01-31 12:14:00",4.61938858032227,2.92502593994141,3.13018012046814,83.2190322875977,42,0,16,10,-95.622184753418,-94.3221206665039
"2020-01-31 12:15:00",4.55232000350952,2.90135407447815,3.12939095497131,128.742202758789,42,0,16,20,-95.127799987793,-94.3709487915039
"2020-01-31 12:16:00",4.55495023727417,2.89925003051758,3.13018012046814,132.648498535156,42,0,16,20,-95.103385925293,-94.3953628540039
"2020-01-31 12:17:00",4.55179405212402,2.90319514274597,3.12544584274292,131.183639526367,42,0,16,20,-94.7859878540039,-94.5723648071289
"2020-01-31 12:18:00",4.5510048866272,2.90135407447815,3.12939095497131,132.316467285156,42,0,16,20,-94.7981948852539,-94.5418472290039
"2020-01-31 12:19:00",4.55889558792114,2.9039843082428,3.13281011581421,133.415100097656,42,0,16,20,-94.926383972168,-94.7066421508789
"2020-01-31 12:20:00",4.55758047103882,2.90661430358887,3.12754988670349,135.041122436523,42,0,16,20,-95.219352722168,-95.030143737793
"2020-01-31 12:21:00",4.55889558792114,2.9005651473999,3.13070607185364,131.916076660156,42,0,16,20,-95.335319519043,-94.9019546508789
"2020-01-31 12:22:00",4.56362962722778,2.89398980140686,3.12939095497131,133.551849365234,42,0,16,20,-96.0433349609375,-94.950798034668
"2020-01-31 12:23:00",4.56494474411011,2.90661430358887,3.12886500358582,137.287261962891,42,0,16,20,-96.6537017822266,-94.7493667602539
"2020-01-31 12:24:00",4.56362962722778,2.89925003051758,3.12939095497131,137.677886962891,42,0,16,20,-97.4410629272461,-94.6272964477539
"2020-01-31 12:25:00",4.55968427658081,2.90924453735352,3.1241307258606,134.757919311523,42,0,16,20,-96.8429107666016,-94.4136734008789
"2020-01-31 12:26:00",4.55889558792114,2.90714049339294,3.12623476982117,133.405334472656,42,0,16,20,-95.365837097168,-94.4808120727539
"2020-01-31 12:27:00",4.55232000350952,2.90529942512512,3.12491989135742,133.722747802734,42,0,16,20,-94.7493667602539,-94.4380874633789
"2020-01-31 12:28:00",4.55758047103882,2.90188002586365,3.12623476982117,134.049896240234,42,0,16,20,-94.7554702758789,-94.5723648071289
"2020-01-31 12:29:00",4.55363512039185,2.9039843082428,3.12754988670349,135.002059936523,42,0,16,20,-95.011833190918,-94.950798034668
"2020-01-31 12:30:00",4.52549171447754,2.89267468452454,3.12491989135742,161.506362915039,42,0,16,25,-95.274284362793,-95.078971862793
"2020-01-31 12:31:00",4.5102367401123,2.88741445541382,3.13018012046814,180.403137207031,42,0,16,30,-95.548942565918,-95.176628112793
"2020-01-31 12:32:00",4.50629138946533,2.89398980140686,3.12228918075562,181.07209777832,42,0,16,30,-95.475700378418,-94.8958511352539
"2020-01-31 12:33:00",4.50892162322998,2.89609384536743,3.12623476982117,186.882751464844,42,0,16,30,-96.1715087890625,-95.140007019043
"2020-01-31 12:34:00",4.5102367401123,2.89346361160278,3.12754988670349,184.553604125977,42,0,16,30,-96.6720123291016,-95.036247253418
"2020-01-31 12:35:00",4.50892162322998,2.89530467987061,3.12544584274292,180.500793457031,42,0,16,30,-96.5316314697266,-94.7005386352539
"2020-01-31 12:36:00",4.50366163253784,2.88872933387756,3.1236047744751,182.624847412109,42,0,16,30,-96.7025299072266,-94.4808120727539
"2020-01-31 12:37:00",4.51286697387695,2.89214849472046,3.1241307258606,181.20881652832,42,0,16,30,-96.7574615478516,-94.4136734008789
"2020-01-31 12:38:00",4.51102590560913,2.88951849937439,3.12228918075562,179.778137207031,42,0,16,30,-95.451286315918,-94.4319839477539
"2020-01-31 12:39:00",4.50708055496216,2.89267468452454,3.12491989135742,182.707855224609,42,0,16,30,-95.140007019043,-94.4197769165039
"2020-01-31 12:40:00",4.50892162322998,2.88741445541382,3.12623476982117,181.916839599609,42,0,16,30,-94.8226089477539,-94.6517105102539
"2020-01-31 12:41:00",4.51234102249146,2.89793491363525,3.1236047744751,180.77912902832,42,0,16,30,-94.950798034668,-94.8531265258789
"2020-01-31 12:42:00",4.5149712562561,2.89530467987061,3.1236047744751,177.776153564453,42,0,16,30,-95.115592956543,-94.7066421508789
"2020-01-31 12:43:00",4.50971078872681,2.89477872848511,3.12544584274292,183.049652099609,42,0,16,30,-95.359733581543,-95.109489440918
"2020-01-31 12:44:00",4.5102367401123,2.89083361625671,3.12018513679504,184.856338500977,42,0,16,30,-95.597770690918,-95.213249206543
"2020-01-31 12:45:00",4.50971078872681,2.89214849472046,3.12491989135742,182.732269287109,42,0,16,30,-95.8358154296875,-95.005729675293
"2020-01-31 12:46:00",4.47814798355103,2.88294315338135,3.11887001991272,215.716186523438,42,0,16,40,-96.4827880859375,-95.103385925293
"2020-01-31 12:47:00",4.48130416870117,2.88083910942078,3.12281560897827,215.413436889648,42,0,16,40,-96.6292877197266,-95.054557800293
"2020-01-31 12:48:00",4.4826192855835,2.88478422164917,3.12228918075562,214.593124389648,42,0,16,40,-96.9283599853516,-94.8897476196289
"2020-01-31 12:49:00",4.48130416870117,2.88478422164917,3.11887001991272,219.588317871094,42,0,16,40,-96.5499420166016,-94.5967788696289
"2020-01-31 12:50:00",4.47814798355103,2.88557314872742,3.12228918075562,211.287399291992,42,0,16,40,-96.2813720703125,-94.3221206665039
"2020-01-31 12:51:00",4.47288751602173,2.88478422164917,3.12097406387329,211.482711791992,42,0,16,40,-95.207145690918,-94.5296401977539
"2020-01-31 12:52:00",4.47420263290405,2.88162803649902,3.11834383010864,212.337219238281,42,0,16,40,-94.8470230102539,-94.6578140258789
"2020-01-31 12:53:00",4.47867393493652,2.88162803649902,3.1170289516449,212.752258300781,42,0,16,40,-94.8470230102539,-94.6822280883789
"2020-01-31 12:54:00",4.47946310043335,2.88741445541382,3.11623978614807,214.495468139648,42,0,16,40,-94.9019546508789,-94.7005386352539
"2020-01-31 12:55:00",4.47946310043335,2.88294315338135,3.11887001991272,213.250335693359,42,0,16,40,-95.005729675293,-94.8714370727539
"2020-01-31 12:56:00",4.47946310043335,2.88478422164917,3.11834383010864,216.643920898438,42,0,16,40,-94.9202651977539,-94.6822280883789
"2020-01-31 12:57:00",4.47946310043335,2.89083361625671,3.11439871788025,213.689788818359,42,0,16,40,-95.133903503418,-95.042350769043
"2020-01-31 12:58:00",4.48472356796265,2.89267468452454,3.11965894699097,215.364608764648,42,0,16,40,-95.310905456543,-95.127799987793
"2020-01-31 12:59:00",4.48787975311279,2.89083361625671,3.11834383010864,213.738616943359,42,0,16,40,-95.414665222168,-94.944694519043
"2020-01-31 13:00:00",4.47025775909424,2.88557314872742,3.11887001991272,226.507354736328,42,0,16,50,-95.9090576171875,-95.091178894043
"2020-01-31 13:01:00",4.47209882736206,2.88346910476685,3.1175549030304,230.428314208984,42,0,16,50,-96.2569580078125,-95.231559753418
"2020-01-31 13:02:00",4.47078371047974,2.88294315338135,3.1175549030304,228.362869262695,42,0,16,50,-96.6048736572266,-95.225456237793
"2020-01-31 13:03:00",4.47025775909424,2.87899780273438,3.11229467391968,232.869750976563,42,0,16,50,-96.2752685546875,-94.7798843383789
"2020-01-31 13:04:00",4.47420263290405,2.87899780273438,3.1175549030304,230.120697021484,42,0,16,50,-96.9283599853516,-94.5174331665039
"2020-01-31 13:05:00",4.46815347671509,2.88162803649902,3.11439871788025,229.656829833984,42,0,16,55,-96.3179931640625,-94.4625015258789
"2020-01-31 13:06:00",4.50629138946533,2.8768937587738,3.11439871788025,275.092102050781,43,0,16,60,-95.8114013671875,-94.4930191040039
"2020-01-31 13:07:00",4.57152032852173,2.86058640480042,3.1170289516449,303.364013671875,44,0,16,60,-95.255973815918,-94.4380874633789
"2020-01-31 13:08:00",4.55758047103882,2.85927128791809,3.11308360099792,299.179382324219,44,0,16,60,-95.243766784668,-94.2854995727539
"2020-01-31 13:09:00",4.55758047103882,2.85927128791809,3.11360955238342,300.351257324219,44,0,16,60,-95.115592956543,-94.3648452758789
"2020-01-31 13:10:00",4.56284046173096,2.86637258529663,3.11229467391968,304.828857421875,44,0,16,60,-95.078971862793,-94.3953628540039
"2020-01-31 13:11:00",4.56810092926025,2.86453151702881,3.1175549030304,309.677581787109,44,0,16,65,-94.969108581543,-94.4930191040039
"2020-01-31 13:12:00",4.56678581237793,2.86768770217896,3.11360955238342,303.793701171875,44,0,16,55,-94.8348159790039,-94.5174331665039
"2020-01-31 13:13:00",4.56810092926025,2.86716175079346,3.11492466926575,297.821929931641,44,0,16,50,-94.8287124633789,-94.5540542602539
"2020-01-31 13:14:00",4.57599115371704,2.86505770683289,3.1175549030304,294.965454101563,44,0,16,50,-95.060661315918,-94.8287124633789
"2020-01-31 13:15:00",4.57467651367188,2.86637258529663,3.11045360565186,294.696899414063,44,0,16,50,-95.152214050293,-94.926383972168
"2020-01-31 13:16:00",4.57467651367188,2.86637258529663,3.1175549030304,290.805206298828,44,0,16,50,-95.219352722168,-95.005729675293
"2020-01-31 13:17:00",4.56941604614258,2.86847686767578,3.1175549030304,298.261413574219,44,0,16,50,-95.133903503418,-94.6822280883789
"2020-01-31 13:18:00",4.57678031921387,2.87110757827759,3.12018513679504,296.542602539063,44,0,16,50,-95.133903503418,-94.938591003418
"2020-01-31 13:19:00",4.57678031921387,2.86979198455811,3.1117684841156,297.568023681641,44,0,16,50,-95.219352722168,-95.005729675293
"2020-01-31 13:20:00",4.57467651367188,2.86637258529663,3.11360955238342,297.860992431641,44,0,16,50,-95.268180847168,-95.054557800293
"2020-01-31 13:21:00",4.58993101119995,2.87294864654541,3.1170289516449,274.203430175781,44,0,16,40,-95.194938659668,-94.7554702758789
"2020-01-31 13:22:00",4.58993101119995,2.87899780273438,3.11360955238342,280.097045898438,44,0,16,40,-95.463493347168,-95.103385925293
"2020-01-31 13:23:00",4.58861589431763,2.87242245674133,3.11439871788025,277.826507568359,44,0,16,40,-95.506217956543,-95.158317565918
"2020-01-31 13:24:00",4.5978217124939,2.86979198455811,3.12018513679504,282.465240478516,44,0,16,40,-95.487907409668,-95.060661315918
"2020-01-31 13:25:00",4.59387636184692,2.87505269050598,3.1170289516449,279.330444335938,44,0,16,40,-95.591667175293,-94.9202651977539
"2020-01-31 13:26:00",4.59913682937622,2.86716175079346,3.11623978614807,282.455474853516,44,0,16,40,-95.7686767578125,-95.011833190918
"2020-01-31 13:27:00",4.5978217124939,2.87110757827759,3.11834383010864,278.729858398438,44,0,16,40,-95.8968505859375,-95.164421081543
"2020-01-31 13:28:00",4.60360765457153,2.87557864189148,3.11965894699097,280.404663085938,44,0,16,40,-95.695426940918,-94.926383972168
"2020-01-31 13:29:00",4.59834766387939,2.87557864189148,3.12018513679504,282.943756103516,44,0,16,40,-95.8724365234375,-95.005729675293
"2020-01-31 13:30:00",4.59703254699707,2.87031841278076,3.11834383010864,277.313812255859,44,0,16,40,-95.9334716796875,-95.133903503418
"2020-01-31 13:31:00",4.60439682006836,2.87373757362366,3.11887001991272,283.881286621094,44,0,16,40,-95.8480224609375,-95.109489440918
"2020-01-31 13:32:00",4.59519147872925,2.87636780738831,3.11887001991272,280.551147460938,44,0,16,40,-95.695426940918,-94.8714370727539
"2020-01-31 13:33:00",4.5978217124939,2.87426352500916,3.12018513679504,275.326477050781,44,0,16,40,-95.9761962890625,-95.085075378418
"2020-01-31 13:34:00",4.60045146942139,2.87294864654541,3.11965894699097,277.875335693359,44,0,16,40,-95.8480224609375,-95.042350769043
"2020-01-31 13:35:00",4.59834766387939,2.87636780738831,3.11965894699097,284.384216308594,44,0,16,40,-95.628288269043,-94.8470230102539
"2020-01-31 13:36:00",4.63595962524414,2.89135956764221,3.12097406387329,237.654998779297,44,0,16,30,-96.1654052734375,-95.152214050293
"2020-01-31 13:37:00",4.64437627792358,2.88557314872742,3.11887001991272,236.175476074219,44,0,16,30,-96.4278564453125,-95.133903503418
"2020-01-31 13:38:00",4.64648008346558,2.89083361625671,3.1175549030304,239.154037475586,44,0,16,30,-96.6964263916016,-95.011833190918
"2020-01-31 13:39:00",4.64306116104126,2.88346910476685,3.11623978614807,240.023193359375,44,0,16,30,-96.4400634765625,-94.6822280883789
"2020-01-31 13:40:00",4.64122009277344,2.89267468452454,3.11887001991272,231.380477905273,44,0,16,30,-96.2508544921875,-94.2610855102539
"2020-01-31 13:41:00",4.6483211517334,2.88294315338135,3.11834383010864,235.726257324219,44,0,16,30,-96.6537017822266,-94.3099136352539
"2020-01-31 13:42:00",4.63780069351196,2.89214849472046,3.11965894699097,237.532928466797,44,0,16,30,-96.4400634765625,-94.3343276977539
"2020-01-31 13:43:00",4.64174604415894,2.88215398788452,3.11834383010864,236.238952636719,44,0,16,30,-95.8968505859375,-94.3404312133789
"2020-01-31 13:44:00",4.63385534286499,2.88478422164917,3.12097406387329,238.802474975586,44,0,16,30,-95.036247253418,-94.3709487915039
"2020-01-31 13:45:00",4.63858985900879,2.88478422164917,3.1170289516449,236.824890136719,44,0,16,30,-94.950798034668,-94.3953628540039
"2020-01-31 13:46:00",4.63517045974731,2.88215398788452,3.12097406387329,238.519271850586,44,0,16,30,-95.036247253418,-94.3099136352539
"2020-01-31 13:47:00",4.63254022598267,2.88346910476685,3.12018513679504,232.381469726563,44,0,16,30,-94.8470230102539,-94.4808120727539
"2020-01-31 13:48:00",4.63517045974731,2.8803129196167,3.1236047744751,241.864013671875,44,0,16,30,-94.7981948852539,-94.4686050415039
"2020-01-31 13:49:00",4.66936349868774,2.88951849937439,3.1175549030304,195.964904785156,44,0,16,25,-94.7981948852539,-94.4441909790039
"2020-01-31 13:50:00",4.69697999954224,2.90003895759583,3.11965894699097,168.498672485352,44,0,16,20,-94.7981948852539,-94.4075698852539
"2020-01-31 13:51:00",4.69829511642456,2.90529942512512,3.12676095962524,170.354156494141,44,0,16,20,-94.8226089477539,-94.6272964477539
"2020-01-31 13:52:00",4.7035551071167,2.89609384536743,3.12228918075562,177.361114501953,44,0,16,20,-94.8470230102539,-94.5540542602539
"2020-01-31 13:53:00",4.70224046707153,2.90188002586365,3.12281560897827,171.13542175293,44,0,16,20,-94.7981948852539,-94.4136734008789
"2020-01-31 13:54:00",4.69513893127441,2.9045102596283,3.12754988670349,175.383529663086,44,0,16,20,-94.8287124633789,-94.4075698852539
"2020-01-31 13:55:00",4.70092535018921,2.9039843082428,3.12676095962524,172.517272949219,44,0,16,20,-94.8897476196289,-94.6700210571289
"2020-01-31 13:56:00",4.69513893127441,2.9039843082428,3.12754988670349,175.691162109375,44,0,16,20,-94.926383972168,-94.6700210571289
"2020-01-31 13:57:00",4.69776916503906,2.90714049339294,3.12676095962524,173.103210449219,44,0,16,20,-95.011833190918,-94.7310562133789
"2020-01-31 13:58:00",4.69908428192139,2.90319514274597,3.12676095962524,171.35514831543,44,0,16,20,-94.8775405883789,-94.5052261352539
"2020-01-31 13:59:00",4.69961023330688,2.90529942512512,3.12754988670349,175.154037475586,44,0,16,20,-95.225456237793,-94.8226089477539
"2020-01-31 14:00:00",4.71486473083496,2.91055965423584,3.13018012046814,172.907897949219,44,0,16,20,-95.384147644043,-94.950798034668
"2020-01-31 14:01:00",4.7030291557312,2.90319514274597,3.12939095497131,169.743804931641,44,0,16,20,-95.439079284668,-94.8287124633789
"2020-01-31 14:02:00",4.70434427261353,2.90319514274597,3.13018012046814,173.249725341797,44,0,16,20,-95.603874206543,-95.054557800293
"2020-01-31 14:03:00",4.69566488265991,2.9039843082428,3.12939095497131,172.551452636719,44,0,16,20,-95.555046081543,-94.8409194946289
"2020-01-31 14:04:00",4.7030291557312,2.9045102596283,3.13149523735046,173.152069091797,44,0,16,20,-95.7381591796875,-94.8897476196289
"2020-01-31 14:05:00",4.73511695861816,2.91581988334656,3.13149523735046,132.267639160156,44,0,16,15,-95.8114013671875,-94.8897476196289
"2020-01-31 14:06:00",4.78903579711914,2.92371082305908,3.13465142250061,105.694961547852,44,0,16,10,-96.3302001953125,-94.7737808227539
"2020-01-31 14:07:00",4.78772068023682,2.92029118537903,3.13333630561829,105.460586547852,44,0,16,10,-96.8978424072266,-94.3465347290039
"2020-01-31 14:08:00",4.78114557266235,2.91581988334656,3.13465142250061,105.304336547852,44,0,16,10,-97.0687408447266,-94.1634292602539
"2020-01-31 14:09:00",4.77851533889771,2.92423677444458,3.13465142250061,104.044555664063,44,0,16,10,-96.0799560546875,-94.1145935058594
"2020-01-31 14:10:00",4.78509092330933,2.92502593994141,3.13018012046814,104.059204101563,44,0,16,10,-95.671012878418,-94.0840759277344
"2020-01-31 14:11:00",4.78719472885132,2.92292189598083,3.13465142250061,104.693984985352,44,0,16,10,-95.292594909668,-94.1512222290039
"2020-01-31 14:12:00",4.77535915374756,2.92423677444458,3.13333630561829,103.058204650879,44,0,16,10,-94.8775405883789,-94.2427749633789
"2020-01-31 14:13:00",4.78114557266235,2.92423677444458,3.14070105552673,104.156875610352,44,0,16,10,-94.7310562133789,-94.4380874633789
"2020-01-31 14:14:00",4.77798938751221,2.92371082305908,3.14070105552673,101.617774963379,44,0,16,10,-94.7066421508789,-94.3221206665039
"2020-01-31 14:15:00",4.78246068954468,2.92160677909851,3.14254236221313,100.919494628906,44,0,16,10,-94.969108581543,-94.3160171508789
"2020-01-31 14:16:00",4.78114557266235,2.92371082305908,3.14254236221313,103.570922851563,44,0,16,10,-95.292594909668,-94.8470230102539
"2020-01-31 14:17:00",4.783775806427,2.9255518913269,3.14122724533081,104.142227172852,44,0,16,10,-95.652702331543,-95.005729675293
"2020-01-31 14:18:00",4.78114557266235,2.92029118537903,3.13938617706299,101.764259338379,44,0,16,10,-95.7320556640625,-94.8165054321289
"2020-01-31 14:19:00",4.78640604019165,2.92502593994141,3.13938617706299,102.643165588379,44,0,16,10,-95.7686767578125,-94.5723648071289
"2020-01-31 14:20:00",4.78114557266235,2.95316886901855,3.14333128929138,102.716407775879,43,0,16,10,-96.3973388671875,-94.5845718383789
"2020-01-31 14:21:00",4.50182056427002,2.93817710876465,3.14385724067688,69.2930526733398,40,0,16,10,-97.4471664428711,-94.5174331665039
"2020-01-31 14:22:00",4.49445581436157,2.93344235420227,3.14464640617371,63.7607383728027,39.5800018310547,0,16,10,-96.8246002197266,-94.3404312133789
"2020-01-31 14:23:00",4.29456186294556,2.92949724197388,3.14385724067688,36.8706817626953,38,0,20,10,-94.6883316040039,-94.6944351196289
"2020-01-31 14:24:00",4.24274730682373,2.93028616905212,3.14385724067688,30.3373718261719,38,0,25,10,-94.8348159790039,-94.8042984008789
"2020-01-31 14:25:00",4.24064302444458,2.93212723731995,3.14385724067688,31.9487285614014,38,0,25,10,-94.963005065918,-95.030143737793
"2020-01-31 14:26:00",4.24537754058838,2.93607258796692,3.14464640617371,31.6459941864014,38,0,25,10,-95.066764831543,-95.060661315918
"2020-01-31 14:27:00",4.24064302444458,2.93212723731995,3.14464640617371,30.8891487121582,38,0,25,10,-95.487907409668,-95.310905456543
"2020-01-31 14:28:00",4.23880195617676,2.93475747108459,3.14122724533081,31.4995002746582,38,0,25,10,-95.7381591796875,-95.408561706543
"2020-01-31 14:29:00",4.23222684860229,2.92949724197388,3.14385724067688,33.0229644775391,38,0,25,10,-95.7808837890625,-95.207145690918
"2020-01-31 14:30:00",4.23669767379761,2.93554639816284,3.1451723575592,33.7212181091309,38,0,25,10,-95.8114013671875,-95.140007019043
"2020-01-31 14:31:00",4.24011707305908,2.93475747108459,3.14385724067688,31.2797737121582,38,0,25,10,-95.7625732421875,-95.127799987793
"2020-01-31 14:32:00",4.24406242370605,2.92949724197388,3.14333128929138,34.1118431091309,38,0,25,10,-95.9517822265625,-95.323112487793
"2020-01-31 14:33:00",4.23406791687012,2.92765593528748,3.14385724067688,30.9379768371582,38,0,25,10,-95.9334716796875,-95.060661315918
"2020-01-31 14:34:00",4.24143218994141,2.93160128593445,3.14254236221313,31.6313362121582,38,0,25,10,-97.0016021728516,-95.152214050293
"2020-01-31 14:35:00",4.24274730682373,2.92765593528748,3.14122724533081,31.8022441864014,38,0,25,10,-97.2091217041016,-95.011833190918
"2020-01-31 14:36:00",4.24143218994141,2.92371082305908,3.13675546646118,33.3549957275391,38,0,25,10,-97.2457427978516,-94.8470230102539
"2020-01-31 14:37:00",4.21697187423706,2.92949724197388,3.138596534729,43.9118003845215,38,0,25,20,-95.536735534668,-94.7188491821289
"2020-01-31 14:38:00",4.20592451095581,2.91766095161438,3.13544034957886,44.7077178955078,38,0,25,20,-95.158317565918,-94.6578140258789
"2020-01-31 14:39:00",4.20382070541382,2.91845011711121,3.13675546646118,45.6696395874023,38,0,25,20,-94.944694519043,-94.6578140258789
"2020-01-31 14:40:00",4.20592451095581,2.92160677909851,3.13807058334351,46.6608619689941,38,0,25,20,-94.7981948852539,-94.969108581543
"2020-01-31 14:41:00",4.20513582229614,2.91976499557495,3.12886500358582,47.9401779174805,38,0,25,20,-94.8714370727539,-95.133903503418
"2020-01-31 14:42:00",4.20382070541382,2.91845011711121,3.13728141784668,44.2047691345215,38,0,25,20,-95.005729675293,-95.255973815918
"2020-01-31 14:43:00",4.20592451095581,2.92371082305908,3.12886500358582,46.3190650939941,38,0,25,20,-95.127799987793,-95.091178894043
"2020-01-31 14:44:00",4.20855474472046,2.92634105682373,3.12939095497131,50.9431648254395,38,0,25,20,-95.280387878418,-95.280387878418
"2020-01-31 14:45:00",4.20513582229614,2.92502593994141,3.13070607185364,48.8093376159668,38,0,25,20,-95.481803894043,-95.469596862793
"2020-01-31 14:46:00",4.20986986160278,2.91976499557495,3.13465142250061,48.9802360534668,38,0,25,20,-95.524528503418,-95.396354675293
"2020-01-31 14:47:00",4.20460987091064,2.91766095161438,3.13281011581421,48.6384391784668,38,0,25,20,-95.414665222168,-95.115592956543
"2020-01-31 14:48:00",4.20855474472046,2.92239570617676,3.13070607185364,49.0046501159668,38,0,25,20,-95.689323425293,-95.500114440918
"2020-01-31 14:49:00",4.20513582229614,2.92029118537903,3.12623476982117,47.8083419799805,38,0,25,20,-95.7686767578125,-95.487907409668
"2020-01-31 14:50:00",4.20855474472046,2.92239570617676,3.12886500358582,45.8063697814941,38,0,25,20,-96.0738525390625,-95.445182800293
"2020-01-31 14:51:00",4.18277883529663,2.91503095626831,3.12544584274292,60.1132202148438,38,0,25,30,-96.0921630859375,-95.255973815918
"2020-01-31 14:52:00",4.18277883529663,2.91634583473206,3.12491989135742,60.0399780273438,38,0,25,30,-95.8602294921875,-95.158317565918
"2020-01-31 14:53:00",4.1867241859436,2.91634583473206,3.1241307258606,59.4784469604492,38,0,25,30,-96.1165771484375,-95.103385925293
"2020-01-31 14:54:00",4.18488311767578,2.91634583473206,3.12939095497131,59.6835327148438,38,0,25,30,-95.9334716796875,-95.127799987793
"2020-01-31 14:55:00",4.18488311767578,2.91318964958191,3.1241307258606,61.6366767883301,38,0,25,30,-96.1531982421875,-95.487907409668
"2020-01-31 14:56:00",4.19066953659058,2.91318964958191,3.12754988670349,62.8818130493164,38,0,25,30,-96.4034423828125,-95.536735534668
"2020-01-31 14:57:00",4.18882846832275,2.91371583938599,3.12754988670349,60.0741577148438,38,0,25,30,-96.4461669921875,-95.329216003418
"2020-01-31 14:58:00",4.18935441970825,2.91371583938599,3.1241307258606,61.9687194824219,38,0,25,30,-96.6475982666016,-95.066764831543
"2020-01-31 14:59:00",4.1867241859436,2.91634583473206,3.12623476982117,62.1738052368164,38,0,25,30,-96.2020263671875,-94.8653335571289
"2020-01-31 15:00:00",4.18935441970825,2.91318964958191,3.1241307258606,61.3681221008301,38,0,25,30,-96.9344635009766,-95.225456237793
"2020-01-31 15:01:00",4.18540906906128,2.91634583473206,3.12623476982117,62.8818130493164,38,0,25,30,-97.0748443603516,-95.085075378418
"2020-01-31 15:02:00",4.18356800079346,2.91371583938599,3.12491989135742,59.0145683288574,38,0,25,30,-97.0443267822266,-94.8775405883789
"2020-01-31 15:03:00",4.18409395217896,2.90792942047119,3.1241307258606,58.6825370788574,38,0,25,30,-96.2813720703125,-94.7493667602539
"2020-01-31 15:04:00",4.18014860153198,2.91503095626831,3.12281560897827,64.166015625,38,0,25,35,-95.7137451171875,-94.7066421508789
"2020-01-31 15:05:00",4.1717324256897,2.91108560562134,3.12228918075562,65.1425933837891,38,0,25,40,-95.298698425293,-94.6333999633789
"2020-01-31 15:06:00",4.17304754257202,2.91187477111816,3.1236047744751,63.3603477478027,38,0,25,40,-95.060661315918,-94.7920913696289
"2020-01-31 15:07:00",4.16910219192505,2.91108560562134,3.12097406387329,63.6630821228027,38,0,25,40,-94.8470230102539,-94.926383972168
"2020-01-31 15:08:00",4.17436265945435,2.91318964958191,3.12018513679504,63.0917816162109,38,0,25,40,-94.8592300415039,-94.7920913696289
"2020-01-31 15:09:00",4.17304754257202,2.91240072250366,3.12228918075562,64.21484375,38,0,25,40,-94.8287124633789,-94.8165054321289
"2020-01-31 15:10:00",4.16831302642822,2.91713500022888,3.12018513679504,65.4941635131836,38,0,25,40,-94.8226089477539,-95.005729675293
"2020-01-31 15:11:00",4.1664719581604,2.91581988334656,3.11965894699097,65.8017883300781,38,0,25,40,-94.7981948852539,-95.005729675293
"2020-01-31 15:12:00",4.17830753326416,2.91581988334656,3.1236047744751,64.5664215087891,38,0,25,40,-94.8775405883789,-95.005729675293
"2020-01-31 15:13:00",4.1722583770752,2.90977048873901,3.12281560897827,63.6630821228027,38,0,25,40,-94.8287124633789,-94.8897476196289
"2020-01-31 15:14:00",4.17488861083984,2.91318964958191,3.11834383010864,65.0791168212891,38,0,25,40,-95.005729675293,-95.201042175293
"2020-01-31 15:15:00",4.16568279266357,2.91581988334656,3.11965894699097,64.6543121337891,38,0,25,40,-95.152214050293,-95.384147644043
"2020-01-31 15:16:00",4.17699241638184,2.91371583938599,3.11439871788025,66.7783660888672,38,0,25,40,-95.384147644043,-95.512321472168
"2020-01-31 15:17:00",4.17436265945435,2.90924453735352,3.11965894699097,68.1943969726563,38,0,25,40,-95.359733581543,-95.213249206543
"2020-01-31 15:18:00",4.1669979095459,2.91581988334656,3.12281560897827,65.6308822631836,38,0,25,40,-95.695426940918,-95.451286315918
"2020-01-31 15:19:00",4.17357349395752,2.90661430358887,3.11887001991272,65.7627182006836,38,0,25,40,-95.9578857421875,-95.573356628418
"2020-01-31 15:20:00",4.21697187423706,2.91240072250366,3.11439871788025,93.9272155761719,38,0,20,40,-96.0006103515625,-95.359733581543
"2020-01-31 15:21:00",4.29982233047485,2.90661430358887,3.1175549030304,131.461959838867,38,0,10,40,-96.7208404541016,-94.938591003418
"2020-01-31 15:22:00",4.32033729553223,2.91055965423584,3.11360955238342,137.214019775391,38,0,8,40,-96.1715087890625,-94.4625015258789
"2020-01-31 15:23:00",4.32822799682617,2.91318964958191,3.11229467391968,140.192565917969,38,0,8,40,-94.975212097168,-95.005729675293
"2020-01-31 15:24:00",4.3242826461792,2.90582537651062,3.11439871788025,139.826354980469,38,0,8,40,-96.1776123046875,-95.262077331543
"2020-01-31 15:25:00",4.32691287994385,2.91108560562134,3.10308909416199,140.729675292969,38,0,8,40,-97.0016021728516,-94.5845718383789
"2020-01-31 15:26:00",4.31691837310791,2.90792942047119,3.10308909416199,137.116363525391,38,0,8,40,-95.249870300293,-94.5601577758789
"2020-01-31 15:27:00",4.32165241241455,2.91318964958191,3.09782886505127,138.224761962891,38,0,8,40,-95.170524597168,-95.005729675293
"2020-01-31 15:28:00",4.32691287994385,2.91187477111816,3.09598779678345,138.78630065918,38,0,8,40,-96.5987701416016,-95.402458190918
"2020-01-31 15:29:00",4.32691287994385,2.91634583473206,3.09256863594055,141.120315551758,38,0,8,40,-97.0565338134766,-94.5601577758789
"2020-01-31 15:30:00",4.32743883132935,2.91055965423584,3.08730816841125,138.66423034668,38,0,8,40,-94.7798843383789,-94.7981948852539
"2020-01-31 15:31:00",4.3248085975647,2.91240072250366,3.08809733390808,143.464111328125,38,0,8,40,-96.2813720703125,-95.420768737793
"2020-01-31 15:32:00",4.3242826461792,2.91503095626831,3.08283710479736,142.814666748047,38,0,8,40,-97.6546859741211,-94.5723648071289
"2020-01-31 15:33:00",4.32086324691772,2.91108560562134,3.08415198326111,137.946441650391,38,0,8,40,-94.8897476196289,-95.005729675293
"2020-01-31 15:34:00",4.33006906509399,2.91055965423584,3.08152198791504,140.534362792969,38,0,8,40,-95.451286315918,-95.005729675293
"2020-01-31 15:35:00",4.33348798751831,2.90977048873901,3.07889175415039,141.364456176758,38,0,8,40,-97.3800277709961,-94.950798034668
"2020-01-31 15:36:00",4.33348798751831,2.91713500022888,3.07810282707214,121.67179107666,38,0,8,30,-95.310905456543,-94.6333999633789
"2020-01-31 15:37:00",4.34716510772705,2.91240072250366,3.07810282707214,119.562377929688,38,0,8,30,-95.414665222168,-95.280387878418
"2020-01-31 15:38:00",4.34584999084473,2.91240072250366,3.07626175880432,122.45304107666,38,0,8,30,-96.5072174072266,-94.8042984008789
"2020-01-31 15:39:00",4.33795928955078,2.92029118537903,3.07152676582336,120.792846679688,38,0,8,30,-95.9456787109375,-94.3160171508789
"2020-01-31 15:40:00",4.34190464019775,2.91318964958191,3.07757663726807,120.734252929688,38,0,8,30,-95.274284362793,-95.152214050293
"2020-01-31 15:41:00",4.34716510772705,2.91581988334656,3.07363152503967,123.771423339844,38,0,8,30,-96.6598052978516,-95.085075378418
"2020-01-31 15:42:00",4.3445348739624,2.92160677909851,3.074946641922,122.79483795166,38,0,8,30,-96.6170806884766,-94.4380874633789
"2020-01-31 15:43:00",4.34190464019775,2.91503095626831,3.07363152503967,120.856323242188,38,0,8,30,-94.8531265258789,-94.6944351196289
"2020-01-31 15:44:00",4.34847974777222,2.92239570617676,3.07363152503967,120.255737304688,38,0,8,30,-96.0128173828125,-95.384147644043
"2020-01-31 15:45:00",4.34532356262207,2.92029118537903,3.07415747642517,121.89151763916,38,0,8,30,-97.4959945678711,-94.6822280883789
"2020-01-31 15:46:00",4.34532356262207,2.92160677909851,3.0683708190918,123.966735839844,38,0,8,30,-95.005729675293,-94.6517105102539
"2020-01-31 15:47:00",4.34321975708008,2.91581988334656,3.06889677047729,119.352416992188,38,0,8,30,-95.280387878418,-95.011833190918
"2020-01-31 15:48:00",4.34979486465454,2.91845011711121,3.07152676582336,121.62296295166,38,0,8,30,-96.0738525390625,-94.6272964477539
"2020-01-31 15:49:00",4.3440089225769,2.91713500022888,3.07231640815735,124.738235473633,38,0,8,30,-97.2884750366211,-94.2977066040039
"2020-01-31 15:50:00",4.34137868881226,2.91371583938599,3.07021188735962,121.71085357666,38,0,8,30,-94.7615737915039,-94.7310562133789
"2020-01-31 15:51:00",4.3440089225769,2.92029118537903,3.074946641922,122.37003326416,38,0,8,30,-95.7442626953125,-95.371940612793
"2020-01-31 15:52:00",4.34716510772705,2.91766095161438,3.07021188735962,123.932556152344,38,0,8,30,-97.3739242553711,-94.9141616821289
"2020-01-31 15:53:00",4.34584999084473,2.92239570617676,3.06889677047729,120.197143554688,38,0,8,30,-94.9019546508789,-94.5845718383789
"2020-01-31 15:54:00",4.34321975708008,2.91634583473206,3.06758165359497,122.83390045166,38,0,8,30,-95.573356628418,-95.078971862793
"2020-01-31 15:55:00",4.37031126022339,2.92160677909851,3.06574058532715,107.413749694824,38,0,8,25,-97.6058578491211,-94.8409194946289
"2020-01-31 15:56:00",4.35715961456299,2.91976499557495,3.06574058532715,105.655899047852,38,0,8,25,-95.317008972168,-94.6456069946289
"2020-01-31 15:57:00",4.36636590957642,2.92949724197388,3.06442546844482,99.7720336914063,38,0,8,23,-95.487907409668,-95.286491394043
"2020-01-31 15:58:00",4.37609767913818,2.9255518913269,3.06363654136658,95.0502777099609,38,0,8,21,-97.3006820678711,-94.4808120727539
"2020-01-31 15:59:00",4.37609767913818,2.92502593994141,3.06232142448425,93.0238723754883,38,0,8,20,-94.7554702758789,-94.6517105102539
"2020-01-31 16:00:00",4.37478256225586,2.92949724197388,3.06442546844482,93.1703567504883,38,0,8,20,-96.0799560546875,-95.353630065918
"2020-01-31 16:01:00",4.37294149398804,2.92292189598083,3.06442546844482,93.0336380004883,38,0,8,20,-97.3373031616211,-94.5357437133789
"2020-01-31 16:02:00",4.37031126022339,2.93475747108459,3.06758165359497,93.0336380004883,38,0,8,20,-94.8104019165039,-94.6211929321289
"2020-01-31 16:03:00",4.37478256225586,2.92502593994141,3.06626653671265,90.5580139160156,38,0,8,20,-95.536735534668,-95.011833190918
"2020-01-31 16:04:00",4.37820148468018,2.92818212509155,3.0683708190918,93.0971145629883,38,0,8,20,-97.2640533447266,-94.7920913696289
"2020-01-31 16:05:00",4.37346744537354,2.92371082305908,3.06363654136658,89.8841857910156,38,0,8,20,-95.689323425293,-94.4563980102539
"2020-01-31 16:06:00",4.37872743606567,2.92502593994141,3.0631103515625,91.0707244873047,38,0,8,20,-95.066764831543,-94.7737808227539
"2020-01-31 16:07:00",4.37557125091553,2.93081212043762,3.06574058532715,92.5941848754883,38,0,8,20,-97.3983383178711,-94.969108581543
"2020-01-31 16:08:00",4.36768102645874,2.92371082305908,3.06626653671265,87.677116394043,38,0,8,20,-95.9029541015625,-94.5357437133789
"2020-01-31 16:09:00",4.37425661087036,2.92160677909851,3.06232142448425,93.2435989379883,38,0,8,20,-95.243766784668,-95.042350769043
"2020-01-31 16:10:00",4.37820148468018,2.92949724197388,3.06758165359497,92.8871536254883,38,0,8,20,-96.6353912353516,-94.8287124633789
"2020-01-31 16:11:00",4.37609767913818,2.9289710521698,3.06495141983032,94.8891448974609,38,0,8,20,-96.6842193603516,-94.2854995727539
"2020-01-31 16:12:00",4.37425661087036,2.92160677909851,3.06626653671265,91.7396926879883,38,0,8,20,-95.182731628418,-95.054557800293
"2020-01-31 16:13:00",4.37688636779785,2.92423677444458,3.06626653671265,93.2924270629883,38,0,8,20,-97.1053619384766,-95.158317565918
"2020-01-31 16:14:00",4.37478256225586,2.92818212509155,3.06363654136658,92.3012161254883,38,0,8,20,-96.2264404296875,-94.4930191040039
"2020-01-31 16:15:00",4.37294149398804,2.92292189598083,3.06232142448425,91.5345916748047,38,0,8,20,-94.8775405883789,-94.7554702758789
"2020-01-31 16:16:00",4.3795166015625,2.92423677444458,3.05916523933411,92.0082473754883,38,0,8,20,-96.9100494384766,-95.030143737793
"2020-01-31 16:17:00",4.37294149398804,2.9255518913269,3.06495141983032,92.9848098754883,38,0,8,20,-96.5743560791016,-94.3953628540039
"2020-01-31 16:18:00",4.39529848098755,2.93212723731995,3.06048035621643,73.9073791503906,38,0,8,15,-95.011833190918,-94.8897476196289
"2020-01-31 16:19:00",4.41633987426758,2.93554639816284,3.06442546844482,56.9735260009766,38,0,8,10,-96.5682525634766,-94.8409194946289
"2020-01-31 16:20:00",4.41686582565308,2.93607258796692,3.06968569755554,55.596549987793,38,0,8,10,-96.4217529296875,-94.2366714477539
"2020-01-31 16:21:00",4.41502475738525,2.93607258796692,3.06574058532715,57.4276351928711,38,0,8,10,-95.396354675293,-94.8958511352539
"2020-01-31 16:22:00",4.41633987426758,2.93423128128052,3.06495141983032,56.2801551818848,38,0,8,10,-98.0941543579102,-94.6456069946289
"2020-01-31 16:23:00",4.41423559188843,2.93081212043762,3.06442546844482,58.4774589538574,38,0,8,10,-94.7493667602539,-94.7554702758789
"2020-01-31 16:24:00",4.41502475738525,2.93081212043762,3.06889677047729,57.7694320678711,38,0,8,10,-95.7198486328125,-94.6333999633789
"2020-01-31 16:25:00",4.4181809425354,2.93344235420227,3.06889677047729,57.0858383178711,38,0,8,10,-97.8438949584961,-94.2671890258789
"2020-01-31 16:26:00",4.4129204750061,2.93554639816284,3.06968569755554,57.2567367553711,38,0,8,10,-94.6700210571289,-94.6211929321289
"2020-01-31 16:27:00",4.41686582565308,2.93423128128052,3.06495141983032,55.8895301818848,38,0,8,10,-95.8175048828125,-94.6211929321289
"2020-01-31 16:28:00",4.41423559188843,2.93212723731995,3.07231640815735,56.2899208068848,38,0,8,10,-97.5875473022461,-94.0047302246094
"2020-01-31 16:29:00",4.41555070877075,2.93344235420227,3.06574058532715,54.4100112915039,38,0,8,10,-95.170524597168,-94.8653335571289
"2020-01-31 16:30:00",4.41633987426758,2.93607258796692,3.07231640815735,54.6541595458984,38,0,8,10,-97.0565338134766,-94.5113296508789
"2020-01-31 16:31:00",4.41029024124146,2.93475747108459,3.074946641922,51.6414070129395,38,0,8,10,-95.365837097168,-94.2732925415039
"2020-01-31 16:32:00",4.41502475738525,2.93475747108459,3.07626175880432,55.8260536193848,38,0,8,10,-95.481803894043,-94.6211929321289
"2020-01-31 16:33:00",4.41160535812378,2.93423128128052,3.07152676582336,57.4862289428711,38,0,8,10,-97.5143051147461,-94.2671890258789
"2020-01-31 16:34:00",4.41029024124146,2.93212723731995,3.07889175415039,53.9607810974121,38,0,8,10,-94.944694519043,-94.4319839477539
"2020-01-31 16:35:00",4.41423559188843,2.9373881816864,3.07757663726807,55.0350189208984,38,0,8,10,-96.1531982421875,-95.066764831543
"2020-01-31 16:36:00",4.40108489990234,2.92765593528748,3.07757663726807,54.7908782958984,38,0,12,10,-97.5387191772461,-94.3587417602539
"2020-01-31 16:37:00",4.38793325424194,2.93686151504517,3.08073282241821,56.9149322509766,38,0,12,12,-94.5296401977539,-94.5723648071289
"2020-01-31 16:38:00",4.38740730285645,2.93607258796692,3.08204793930054,55.669792175293,38,0,12,12,-96.2325439453125,-95.030143737793
"2020-01-31 16:39:00",4.39135217666626,2.93475747108459,3.08073282241821,58.0721740722656,38,0,12,12,-97.3250961303711,-94.3465347290039
"2020-01-31 16:40:00",4.38398790359497,2.92949724197388,3.08073282241821,59.8446655273438,38,0,12,12,-94.7188491821289,-94.5357437133789
"2020-01-31 16:41:00",4.39450931549072,2.93081212043762,3.08073282241821,59.5272750854492,38,0,12,12,-95.561149597168,-94.8165054321289
"2020-01-31 16:42:00",4.39056348800659,2.92423677444458,3.08415198326111,56.1678504943848,38,0,12,12,-97.5631332397461,-94.3404312133789
"2020-01-31 16:43:00",4.38661813735962,2.93344235420227,3.08204793930054,60.2352905273438,38,0,12,12,-94.7737808227539,-94.6211929321289
"2020-01-31 16:44:00",4.39056348800659,2.93344235420227,3.08336305618286,58.2919120788574,38,0,12,12,-95.7686767578125,-95.213249206543
"2020-01-31 16:45:00",4.39713954925537,2.93344235420227,3.08678221702576,58.1844787597656,38,0,12,12,-97.1236724853516,-94.6456069946289
"2020-01-31 16:46:00",4.38793325424194,2.9289710521698,3.08073282241821,57.9256820678711,38,0,12,12,-95.7869873046875,-94.3465347290039
"2020-01-31 16:47:00",4.39003705978394,2.93475747108459,3.08467817306519,59.9179077148438,38,0,12,12,-95.365837097168,-95.036247253418
"2020-01-31 16:48:00",4.39187812805176,2.9255518913269,3.08678221702576,59.1464042663574,38,0,12,12,-96.8246002197266,-94.4197769165039
"2020-01-31 16:49:00",4.38661813735962,2.92634105682373,3.08678221702576,58.0624084472656,38,0,12,12,-95.506217956543,-94.2488784790039
"2020-01-31 16:50:00",4.38661813735962,2.93212723731995,3.08599328994751,57.8182601928711,38,0,12,12,-95.420768737793,-95.030143737793
"2020-01-31 16:51:00",4.39266729354858,2.93160128593445,3.08283710479736,59.5028610229492,38,0,12,12,-97.4959945678711,-94.8470230102539
"2020-01-31 16:52:00",4.38609218597412,2.93344235420227,3.08336305618286,56.2899208068848,38,0,12,12,-95.652702331543,-94.4930191040039
"2020-01-31 16:53:00",4.39056348800659,2.93423128128052,3.08283710479736,59.2831344604492,38,0,12,12,-95.274284362793,-94.8897476196289
"2020-01-31 16:54:00",4.39135217666626,2.93028616905212,3.08941245079041,58.6727714538574,38,0,12,12,-96.6292877197266,-94.6089859008789
"2020-01-31 16:55:00",4.38609218597412,2.93212723731995,3.08599328994751,59.6005249023438,38,0,12,12,-97.3006820678711,-94.2244644165039
"2020-01-31 16:56:00",4.38267278671265,2.92949724197388,3.09072732925415,57.4862289428711,38,0,12,12,-94.950798034668,-95.030143737793
"2020-01-31 16:57:00",4.39266729354858,2.93081212043762,3.08152198791504,60.3085327148438,38,0,12,12,-96.3729248046875,-94.938591003418
"2020-01-31 16:58:00",4.39003705978394,2.93423128128052,3.08283710479736,58.8290214538574,38,0,12,12,-96.8856353759766,-94.2732925415039
"2020-01-31 16:59:00",4.38661813735962,2.93212723731995,3.08730816841125,57.7791976928711,38,0,12,12,-94.8042984008789,-94.6700210571289
"2020-01-31 17:00:00",4.39713954925537,2.93160128593445,3.08730816841125,58.9413261413574,38,0,12,12,-96.3179931640625,-95.201042175293
"2020-01-31 17:01:00",4.39003705978394,2.93212723731995,3.08204793930054,58.3163261413574,38,0,12,12,-96.9527740478516,-94.3831558227539
"2020-01-31 17:02:00",4.38609218597412,2.93344235420227,3.08336305618286,60.4159545898438,38,0,12,12,-94.7066421508789,-94.4625015258789
"2020-01-31 17:03:00",4.39003705978394,2.93081212043762,3.08020687103271,58.0135803222656,38,0,12,12,-96.3057861328125,-95.103385925293
"2020-01-31 17:04:00",4.38793325424194,2.93081212043762,3.08336305618286,58.1942443847656,38,0,12,12,-98.1918106079102,-94.4319839477539
"2020-01-31 17:05:00",4.39003705978394,2.93344235420227,3.0899384021759,58.5116386413574,38,0,12,12,-94.7859878540039,-95.005729675293
"2020-01-31 17:06:00",4.39450931549072,2.93607258796692,3.08730816841125,60.3329467773438,38,0,12,12,-96.2569580078125,-95.182731628418
"2020-01-31 17:07:00",4.39135217666626,2.94001817703247,3.08336305618286,57.6961898803711,38,0,12,12,-96.4705810546875,-94.2854995727539
"2020-01-31 17:08:00",4.38793325424194,2.93344235420227,3.08730816841125,58.6239433288574,38,0,12,12,-94.7798843383789,-94.5601577758789
"2020-01-31 17:09:00",4.39713954925537,2.93607258796692,3.08862328529358,56.1922645568848,38,0,12,12,-96.7269439697266,-95.005729675293
"2020-01-31 17:10:00",4.39266729354858,2.93212723731995,3.08336305618286,61.2118721008301,38,0,12,12,-96.9100494384766,-94.3404312133789
"2020-01-31 17:11:00",4.39135217666626,2.93081212043762,3.08204793930054,55.581901550293,38,0,12,12,-94.7493667602539,-94.6761245727539
"2020-01-31 17:12:00",4.39398336410522,2.93081212043762,3.08152198791504,59.6737670898438,38,0,12,12,-95.8846435546875,-94.7920913696289
"2020-01-31 17:13:00",4.39529848098755,2.93554639816284,3.08599328994751,59.9032592773438,38,0,12,12,-98.0270004272461,-94.4686050415039
"2020-01-31 17:14:00",4.39135217666626,2.93554639816284,3.08283710479736,57.9745178222656,38,0,12,12,-94.8042984008789,-94.7066421508789
"2020-01-31 17:15:00",4.39319324493408,2.93475747108459,3.08152198791504,59.1854667663574,38,0,12,12,-95.396354675293,-94.8226089477539
"2020-01-31 17:16:00",4.3979287147522,2.93817710876465,3.08204793930054,59.8202514648438,38,0,12,12,-97.5875473022461,-94.4319839477539
"2020-01-31 17:17:00",4.39135217666626,2.92949724197388,3.08467817306519,59.6102905273438,38,0,12,12,-94.8714370727539,-94.5540542602539
"2020-01-31 17:18:00",4.39266729354858,2.93817710876465,3.08336305618286,58.7069511413574,38,0,12,12,-95.390251159668,-94.926383972168
"2020-01-31 17:19:00",4.39187812805176,2.92949724197388,3.08336305618286,57.3543930053711,38,0,12,12,-96.6231842041016,-94.6272964477539
"2020-01-31 17:20:00",4.39398336410522,2.93554639816284,3.08336305618286,60.0888061523438,38,0,12,12,-96.6964263916016,-94.1634292602539
"2020-01-31 17:21:00",4.39056348800659,2.93554639816284,3.09204244613647,59.0487480163574,38,0,12,12,-95.042350769043,-94.9019546508789
"2020-01-31 17:22:00",4.3979287147522,2.9373881816864,3.08678221702576,59.6493530273438,38,0,12,12,-96.7513580322266,-95.011833190918
"2020-01-31 17:23:00",4.38530302047729,2.93686151504517,3.08283710479736,58.8680839538574,38,0,12,12,-96.4522705078125,-94.3221206665039
"2020-01-31 17:24:00",4.38872194290161,2.93423128128052,3.08862328529358,57.9159164428711,38,0,12,12,-94.8531265258789,-94.6822280883789
"2020-01-31 17:25:00",4.39529848098755,2.93817710876465,3.08862328529358,60.6259231567383,38,0,12,12,-97.0016021728516,-94.8165054321289
"2020-01-31 17:26:00",4.39003705978394,2.93160128593445,3.08941245079041,60.3329467773438,38,0,12,12,-96.8062896728516,-94.3587417602539
"2020-01-31 17:27:00",4.39319324493408,2.9289710521698,3.08809733390808,57.3299789428711,38,0,12,12,-95.054557800293,-95.030143737793
"2020-01-31 17:28:00",4.39319324493408,2.92949724197388,3.08678221702576,57.9745178222656,38,0,12,12,-96.4522705078125,-94.7249526977539
"2020-01-31 17:29:00",4.39661359786987,2.93607258796692,3.08467817306519,58.8290214538574,38,0,12,12,-96.7208404541016,-94.1939468383789
"2020-01-31 17:30:00",4.39266729354858,2.93212723731995,3.09256863594055,57.2811508178711,38,0,12,12,-95.078971862793,-94.950798034668
"2020-01-31 17:31:00",4.3984546661377,2.93423128128052,3.08809733390808,58.9022636413574,38,0,12,12,-96.5987701416016,-94.9141616821289
"2020-01-31 17:32:00",4.38872194290161,2.93160128593445,3.08599328994751,59.4882125854492,38,0,12,12,-96.9039459228516,-94.2916030883789
"2020-01-31 17:33:00",4.38609218597412,2.93028616905212,3.09256863594055,57.9647445678711,38,0,12,12,-94.7493667602539,-94.6761245727539
"2020-01-31 17:34:00",4.39713954925537,2.93081212043762,3.08941245079041,57.9647445678711,38,0,12,12,-96.9039459228516,-94.9019546508789
"2020-01-31 17:35:00",4.38740730285645,2.9289710521698,3.08730816841125,58.4872245788574,38,0,12,12,-96.3973388671875,-94.3343276977539
"2020-01-31 17:36:00",4.38793325424194,2.93554639816284,3.08941245079041,58.7215995788574,38,0,12,12,-94.9019546508789,-94.7676773071289
"2020-01-31 17:37:00",4.39135217666626,2.93028616905212,3.0899384021759,59.8446655273438,38,0,12,12,-96.2996826171875,-94.7493667602539
"2020-01-31 17:38:00",4.39003705978394,2.93344235420227,3.09256863594055,59.2831344604492,38,0,12,12,-97.5143051147461,-94.1756362915039
"2020-01-31 17:39:00",4.38793325424194,2.93160128593445,3.08809733390808,58.5262870788574,38,0,12,12,-94.8348159790039,-94.8653335571289
"2020-01-31 17:40:00",4.39266729354858,2.9289710521698,3.08809733390808,58.4774589538574,38,0,12,12,-96.4461669921875,-95.201042175293
"2020-01-31 17:41:00",4.39003705978394,2.93028616905212,3.09256863594055,58.3798027038574,38,0,12,12,-97.0992584228516,-94.3953628540039
"2020-01-31 17:42:00",4.39135217666626,2.93344235420227,3.08809733390808,57.9159164428711,38,0,12,12,-94.6883316040039,-94.6089859008789
"2020-01-31 17:43:00",4.39398336410522,2.93344235420227,3.08809733390808,59.1122245788574,38,0,12,12,-96.9771881103516,-95.036247253418
"2020-01-31 17:44:00",4.38793325424194,2.93028616905212,3.08467817306519,59.3905563354492,38,0,12,12,-96.8246002197266,-94.4075698852539
"2020-01-31 17:45:00",4.39661359786987,2.93028616905212,3.08204793930054,59.1854667663574,38,0,12,12,-95.127799987793,-95.127799987793
"2020-01-31 17:46:00",4.39266729354858,2.93607258796692,3.08467817306519,59.2098808288574,38,0,12,12,-96.2508544921875,-94.5784683227539
"2020-01-31 17:47:00",4.39319324493408,2.93607258796692,3.08678221702576,58.7948417663574,38,0,12,12,-97.3983383178711,-94.0962829589844
"2020-01-31 17:48:00",4.39450931549072,2.93554639816284,3.08730816841125,59.0975761413574,38,0,12,12,-95.127799987793,-95.091178894043
"2020-01-31 17:49:00",4.39661359786987,2.93081212043762,3.08678221702576,61.7245788574219,38,0,12,12,-97.1602935791016,-95.042350769043
"2020-01-31 17:50:00",4.3847770690918,2.93344235420227,3.08152198791504,56.6707801818848,38,0,12,12,-95.9517822265625,-94.4563980102539
"2020-01-31 17:51:00",4.38740730285645,2.93212723731995,3.08336305618286,60.7724075317383,38,0,12,12,-94.7859878540039,-94.5784683227539
"2020-01-31 17:52:00",4.40108489990234,2.93344235420227,3.08678221702576,61.1972236633301,38,0,12,12,-96.8062896728516,-94.969108581543
"2020-01-31 17:53:00",4.38872194290161,2.9289710521698,3.08467817306519,59.6249389648438,38,0,12,12,-97.4166488647461,-94.3404312133789
"2020-01-31 17:54:00",4.39003705978394,2.92949724197388,3.08467817306519,59.7079467773438,38,0,12,12,-94.8775405883789,-94.963005065918
"2020-01-31 17:55:00",4.39450931549072,2.93475747108459,3.08730816841125,58.8680839538574,38,0,12,12,-96.3485107421875,-94.8470230102539
"2020-01-31 17:56:00",4.39056348800659,2.9408073425293,3.08599328994751,57.8280258178711,38,0,12,12,-97.3983383178711,-94.2427749633789
"2020-01-31 17:57:00",4.38740730285645,2.93686151504517,3.08415198326111,57.1200180053711,38,0,12,12,-94.7981948852539,-94.8165054321289
"2020-01-31 17:58:00",4.39135217666626,2.93081212043762,3.08941245079041,58.1600646972656,38,0,12,12,-96.3729248046875,-95.182731628418
"2020-01-31 17:59:00",4.39135217666626,2.93028616905212,3.08415198326111,58.9022636413574,38,0,12,12,-97.7096176147461,-94.4319839477539
"2020-01-31 18:00:00",4.39266729354858,2.93423128128052,3.08283710479736,59.0145683288574,38,0,12,12,-94.7066421508789,-94.8165054321289